score	en	fr	en_ipa	chunk_recipe
1.0	wrest	reste	ɹɛst	ɹɛ+st
1.0	wreaks	rixe	ɹiːks	ɹi+ks
1.0	truce	trousse	tɹuːs	tɹ+us
1.0	troupe	troupes	tɹuːp	tɹ+up
1.0	tret	traite	tɹɛt	tɹ+ɛt
1.0	tress	tresses	tɹɛs	tɹ+ɛs
1.0	trawl	troll	tɹɔːl	tɹ+ɔl
1.0	titi	titi	tiːti	ti+ti
1.0	testa	tester	tɛstɐ	tɛs+tɐ
1.0	terrine	terrine	tɛɹiːn	tɛɹ+in
1.0	tepee	tipi	tiːpiː	ti+pi
1.0	teepee	tipi	tiːpiː	ti+pi
1.0	taller	tollé	tɔːlɐ	tɔ+lɐ
1.0	stree	stries	stɹiː	st+ɹi
1.0	streaked	strict	stɹiːkt	stɹi+kt
1.0	stork	stock	stɔːk	st+ɔk
1.0	stealer	stylé	stiːlɐ	sti+lɐ
1.0	spleen	spleen	spliːn	spl+in
1.0	shooter	shooter	ʃuːtɐ	ʃu+tɐ
1.0	shiest	schiste	ʃiːst	ʃi+st
1.0	settler	sait les	sɛtlɐ	sɛt+lɐ
1.0	secs	sexe	sɛks	sɛ+ks
1.0	rupee	roupies	ɹuːpiː	ɹu+pi
1.0	rumen	roumaine	ɹuːmɛn	ɹu+mɛn
1.0	roulette	roulette	ɹuːlɛt	ɹul+ɛt
1.0	roost	rouste	ɹuːst	ɹu+st
1.0	reeks	rixe	ɹiːks	ɹi+ks
1.0	pled	plaide	plɛd	pl+ɛd
1.0	phlegm	flemme	flɛm	fl+ɛm
1.0	petit	petit	pətiː	pə+ti
1.0	peeler	pilé	piːlɐ	pi+lɐ
1.0	peaty	pythie	piːti	pi+ti
1.0	moolah	moulé	muːlɐ	mu+lɐ
1.0	metre	mité	miːtɐ	mi+tɐ
1.0	meanie	mini	miːni	mi+ni
1.0	lulu	loulou	luːluː	lu+lu
1.0	lest	lest	lɛst	lɛ+st
1.0	kookie	cookie	kuːki	ku+ki
1.0	jeep	jeep	dʒiːp	dʒ+ip
1.0	groupie	groupies	ɡɹuːpi	ɡɹu+pi
1.0	groom	groom	ɡɹuːm	ɡɹ+um
1.0	grieve	grive	ɡɹiːv	ɡɹ+iv
1.0	greave	grive	ɡɹiːv	ɡɹ+iv
1.0	frieze	frise	fɹiːz	fɹ+iz
1.0	fret	fret	fɹɛt	fɹ+ɛt
1.0	frees	frise	fɹiːz	fɹ+iz
1.0	fraught	frotte	fɹɔːt	fɹ+ɔt
1.0	forks	fox	fɔːks	fɔ+ks
1.0	forby	phobie	fɔːbi	fɔ+bi
1.0	flues	flouze	fluːz	fl+uz
1.0	fila	filer	fiːlɐ	fi+lɐ
1.0	fetter	fêter	fɛtɐ	fɛ+tɐ
1.0	feeler	filer	fiːlɐ	fi+lɐ
1.0	ester	ester	ɛstɐ	ɛs+tɐ
1.0	doormen	domaine	dɔːmɛn	dɔ+mɛn
1.0	dealer	dealer	diːlɐ	di+lɐ
1.0	cruse	crous	kɹuːs	kɹ+us
1.0	cruet	croûte	kɹuːt	kɹ+ut
1.0	croup	croupe	kɹuːp	kɹ+up
1.0	creme	crime	kɹiːm	kɹ+im
1.0	crees	crise	kɹiːz	kɹ+iz
1.0	creek	crique	kɹiːk	kɹ+ik
1.0	crease	crisse	kɹiːs	kɹ+is
1.0	creak	crique	kɹiːk	kɹ+ik
1.0	corder	codé	kɔːdɐ	kɔ+dɐ
1.0	cootie	coutil	kuːti	ku+ti
1.0	coolly	coulis	kuːli	ku+li
1.0	coolie	coulis	kuːli	ku+li
1.0	clique	clic	kliːk	kl+ik
1.0	cleek	clic	kliːk	kl+ik
1.0	cleave	clive	kliːv	kl+iv
1.0	cerise	cerise	səɹiːz	sə+ɹiz
1.0	cellar	seller	sɛlɐ	sɛ+lɐ
1.0	cauda	codé	kɔːdɐ	kɔ+dɐ
1.0	caller	coller	kɔːlɐ	kɔ+lɐ
1.0	brute	broute	bɹuːt	bɹ+ut
1.0	bruit	broute	bɹuːt	bɹ+ut
1.0	breeder	bridé	bɹiːdɐ	bɹi+dɐ
1.0	brede	bride	bɹiːd	bɹ+id
1.0	bream	brime	bɹiːm	bɹ+im
1.0	braes	brise	bɹiːz	bɹ+iz
1.0	bootee	boutis	buːtiː	bu+ti
1.0	booboo	boubou	buːbuː	bu+bu
1.0	bled	bled	blɛd	bl+ɛd
1.0	bisque	bisque	biːsk	bi+sk
1.0	beater	bitter	biːtɐ	bi+tɐ
1.0	baulks	box	bɔːks	bɔ+ks
0.988	carport	capote	kɑːpɔːt	kɑ+pɔt
0.985	tarty	tati	tɑːti	tɑ+ti
0.985	tarter	tâter	tɑːtɐ	tɑ+tɐ
0.985	tartar	tâter	tɑːtɐ	tɑ+tɐ
0.985	rata	raté	ɹɑːtɐ	ɹɑ+tɐ
0.985	parley	pâli	pɑːli	pɑ+li
0.985	parks	pacs	pɑːks	pɑ+ks
0.985	parch	patch	pɑːtʃ	pɑ+tʃ
0.985	martyr	mater	mɑːtɐ	mɑ+tɐ
0.985	marques	max	mɑːks	mɑ+ks
0.985	marquee	maquis	mɑːkiː	mɑ+ki
0.985	marly	mali	mɑːli	mɑ+li
0.985	marks	max	mɑːks	mɑ+ks
0.985	larvae	lavis	lɑːviː	lɑ+vi
0.985	khaki	kaki	kɑːki	kɑ+ki
0.985	karst	caste	kɑːst	kɑ+st
0.985	crass	crasse	kɹɑːs	kɹ+ɑs
0.985	chart	chat	tʃɑːt	tʃ+ɑt
0.985	caste	caste	kɑːst	kɑ+st
0.985	cask	casque	kɑːsk	kɑ+sk
0.983	redressed	rient reste	ɹiːdɹɛst	ɹid+ɹɛst
0.983	pressmen	près mène	pɹɛsmɛn	pɹɛs+mɛn
0.983	pectin	pectine	pɛktɪn	pɛkt+ɪn
0.983	detest	dit est	dɪtɛst	dɪ+tɛst
0.98	vestry	vais tri	vɛstɹi	vɛ+stɹi
0.98	tryst	triste	tɹɪst	tɹ+ɪst
0.98	triste	triste	tɹɪst	tɹ+ɪst
0.98	stiller	stylé	stɪlɐ	stɪ+lɐ
0.98	sentry	sain tri	sɛntɹi	sɛn+tɹi
0.98	pressie	précis	pɹɛsi	pɹɛ+si
0.98	preset	pris êtes	pɹiːsɛt	pɹi+sɛt
0.98	meting	meeting	miːtɪŋ	mit+ɪŋ
0.98	ferric	ferrique	fɛɹɪk	fɛ+ɹɪk
0.98	exes	excise	ɛksɪz	ɛks+ɪz
0.98	eschew	hissent chou	ɪstʃuː	ɪst+ʃu
0.98	disport	despote	dɪspɔːt	dɪs+pɔt
0.98	boric	borique	bɔːɹɪk	bɔ+ɹɪk
0.976	wrestler	raies les	ɹɛslɐ	ɹɛs+lɐ
0.976	vender	vin des	vɛndɐ	vɛ+ndɐ
0.976	treader	traité	tɹɛdɐ	tɹɛ+dɐ
0.976	tracks	trax	tɹæks	tɹæ+ks
0.976	testy	tester	tɛsti	tɛ+sti
0.976	steely	stylé	stiːli	sti+li
0.976	stalky	stocker	stɔːki	stɔ+ki
0.976	sender	sain des	sɛndɐ	sɛ+ndɐ
0.976	seizes	scies aise	siːzɪz	siz+ɪz
0.976	secede	ces ides	sɛsiːd	sɛ+sid
0.976	russet	recettes	ɹʌsɛt	ɹʌ+sɛt
0.976	resell	ries elle	ɹiːsɛl	ɹi+sɛl
0.976	renter	rhin tes	ɹɛntɐ	ɹɛn+tɐ
0.976	redrew	rient roues	ɹiːdɹuː	ɹid+ɹu
0.976	portly	potelée	pɔːtli	pɔt+li
0.976	pesty	pester	pɛsti	pɛ+sti
0.976	mender	main des	mɛndɐ	mɛ+ndɐ
0.976	lender	lin des	lɛndɐ	lɛ+ndɐ
0.976	freaky	friqués	fɹiːki	fɹi+ki
0.976	forepeak	phobique	fɔːpiːk	fɔ+pik
0.976	exhort	exode	ɛɡzɔːt	ɛɡz+ɔt
0.976	creepy	crépi	kɹiːpi	kɹi+pi
0.976	creamy	crimée	kɹiːmi	kɹi+mi
0.976	cosset	cassette	kɒsɛt	kɒ+sɛt
0.976	centre	sain tes	sɛntɐ	sɛn+tɐ
0.976	censure	sain chez	sɛnʃɐ	sɛn+ʃɐ
0.976	bender	ben des	bɛndɐ	bɛ+ndɐ
0.975	yeti	yeti	jɛti	jɛ+ti
0.975	trot	trotte	tɹɒt	tɹ+ɒt
0.975	titty	titi	tɪti	tɪ+ti
0.975	tipi	tipi	tɪpi	tɪ+pi
0.975	tilt	tilt	tɪlt	tɪ+lt
0.975	teller	télé	tɛlɐ	tɛ+lɐ
0.975	swing	swing	swɪŋ	sw+ɪŋ
0.975	sorter	sauter	sɔːtɐ	sɔ+tɐ
0.975	sorta	sauter	sɔːtɐ	sɔ+tɐ
0.975	sitter	cité	sɪtɐ	sɪ+tɐ
0.975	sitar	cité	sɪtɐ	sɪ+tɐ
0.975	shimmy	chimie	ʃɪmi	ʃɪ+mi
0.975	sherry	chérie	ʃɛɹi	ʃɛ+ɹi
0.975	schist	schiste	ʃɪst	ʃɪ+st
0.975	ricks	rixe	ɹɪks	ɹɪ+ks
0.975	quin	couine	kwɪn	kw+ɪn
0.975	quid	quid	kwɪd	kw+ɪd
0.975	quick	couic	kwɪk	kw+ɪk
0.975	prawn	prône	pɹɔːn	pɹ+ɔn
0.975	piste	piste	pɪst	pɪ+st
0.975	pillar	pilé	pɪlɐ	pɪ+lɐ
0.975	petter	péter	pɛtɐ	pɛ+tɐ
0.975	perry	péri	pɛɹi	pɛ+ɹi
0.975	peri	péri	pɛɹi	pɛ+ɹi
0.975	peppy	pépie	pɛpi	pɛ+pi
0.975	middy	midi	mɪdi	mɪ+di
0.975	lorry	lorry	lɒɹi	lɒ+ɹi
0.975	lobby	lobby	lɒbi	lɒ+bi
0.975	kris	crisse	kɹɪs	kɹ+ɪs
0.975	kopje	copie	kɒpi	kɒ+pi
0.975	jinn	gin	dʒɪn	dʒ+ɪn
0.975	indie	hindi	ɪndi	ɪn+di
0.975	gyp	jeep	dʒɪp	dʒ+ɪp
0.975	grot	grotte	ɡɹɒt	ɡɹ+ɒt
0.975	grippe	grippe	ɡɹɪp	ɡɹ+ɪp
0.975	grin	green	ɡɹɪn	ɡɹ+ɪn
0.975	grille	grill	ɡɹɪl	ɡɹ+ɪl
0.975	gip	jeep	dʒɪp	dʒ+ɪp
0.975	frock	froc	fɹɒk	fɹ+ɒk
0.975	frizz	frise	fɹɪz	fɹ+ɪz
0.975	frit	frites	fɹɪt	fɹ+ɪt
0.975	flick	flics	flɪk	fl+ɪk
0.975	feller	fêlé	fɛlɐ	fɛ+lɐ
0.975	fellah	fêlé	fɛlɐ	fɛ+lɐ
0.975	fella	fêlé	fɛlɐ	fɛ+lɐ
0.975	ecru	écrou	ɛkɹuː	ɛk+ɹu
0.975	drawl	drôle	dɹɔːl	dɹ+ɔl
0.975	deli	délit	dɛli	dɛ+li
0.975	crosse	cross	kɹɒs	kɹ+ɒs
0.975	crock	croque	kɹɒk	kɹ+ɒk
0.975	crick	crique	kɹɪk	kɹ+ɪk
0.975	couture	couteau	kuːtɔː	ku+tɔ
0.975	copped	copte	kɒpt	kɒ+pt
0.975	commie	commis	kɒmi	kɒ+mi
0.975	colly	colis	kɒli	kɒ+li
0.975	collie	colis	kɒli	kɒ+li
0.975	collar	coller	kɒlɐ	kɒ+lɐ
0.975	claws	clause	klɔːz	kl+ɔz
0.975	clawed	claude	klɔːd	kl+ɔd
0.975	cholla	coller	kɒlɐ	kɒ+lɐ
0.975	bloc	bloc	blɒk	bl+ɒk
0.975	benny	béni	bɛni	bɛ+ni
0.975	bedder	bédé	bɛdɐ	bɛ+dɐ
0.97	wrapped	rapt	ɹæpt	ɹæ+pt
0.97	vita	vider	viːtɐ	vi+tɐ
0.97	verey	verrez	vɛɹi	vɛ+ɹi
0.97	truss	traces	tɹʌs	tɹ+ʌs
0.97	trues	trousse	tɹuːz	tɹ+uz
0.97	trews	trousse	tɹuːz	tɹ+uz
0.97	tread	traite	tɹɛd	tɹ+ɛd
0.97	tram	trame	tɹæm	tɹ+æm
0.97	tourney	tonner	tɔːni	tɔ+ni
0.97	tooter	douter	tuːtɐ	tu+tɐ
0.97	teeter	titi	tiːtɐ	ti+tɐ
0.97	tawny	tonner	tɔːni	tɔ+ni
0.97	tauter	doté	tɔːtɐ	tɔ+tɐ
0.97	tardy	tandis	tɑːdi	tɑ+di
0.97	talky	toquer	tɔːki	tɔ+ki
0.97	talkie	toquer	tɔːki	tɔ+ki
0.97	sylph	self	sɪlf	sɪ+lf
0.97	suitor	soudé	suːtɐ	su+tɐ
0.97	stoup	stups	stuːp	st+up
0.97	stoop	stups	stuːp	st+up
0.97	spat	spath	spæt	sp+æt
0.97	soupy	souper	suːpi	su+pi
0.97	skit	skate	skɪt	sk+ɪt
0.97	silt	celtes	sɪlt	sɪ+lt
0.97	sics	sexe	sɪks	sɪ+ks
0.97	sicks	sexe	sɪks	sɪ+ks
0.97	sicked	secte	sɪkt	sɪ+kt
0.97	sheila	chili	ʃiːlɐ	ʃi+lɐ
0.97	sheeny	chiner	ʃiːni	ʃi+ni
0.97	setter	synthé	sɛtɐ	sɛ+tɐ
0.97	seeder	cité	siːdɐ	si+dɐ
0.97	sealer	scellé	siːlɐ	si+lɐ
0.97	scilla	seller	sɪlɐ	sɪ+lɐ
0.97	saucy	ceci	sɔːsi	sɔ+si
0.97	rutty	rôti	ɹʌti	ɹʌ+ti
0.97	runny	renie	ɹʌni	ɹʌ+ni
0.97	rummy	remis	ɹʌmi	ɹʌ+mi
0.97	ruddy	redis	ɹʌdi	ɹʌ+di
0.97	rudder	rôder	ɹʌdɐ	ɹʌ+dɐ
0.97	rotter	raté	ɹɒtɐ	ɹɒ+tɐ
0.97	ripply	repli	ɹɪpli	ɹɪ+pli
0.97	reedy	rider	ɹiːdi	ɹi+di
0.97	recoup	recoupe	ɹɪkuːp	ɹɪ+kup
0.97	ratter	raté	ɹætɐ	ɹæ+tɐ
0.97	rapt	rapt	ɹæpt	ɹæ+pt
0.97	rapped	rapt	ɹæpt	ɹæ+pt
0.97	ramie	rami	ɹæmi	ɹæ+mi
0.97	rale	réel	ɹeɪl	ɹe+ɪl
0.97	quack	couac	kwæk	kw+æk
0.97	prude	prude	pɹuːd	pɹ+ud
0.97	prev	preuve	pɹɛv	pɹ+ɛv
0.97	plume	plume	pluːm	pl+um
0.97	pluck	plaque	plʌk	pl+ʌk
0.97	pleas	plisse	pliːz	pl+iz
0.97	pita	péter	piːtɐ	pi+tɐ
0.97	peaky	piquer	piːki	pi+ki
0.97	pax	pacs	pæks	pæ+ks
0.97	patty	pâtit	pæti	pæ+ti
0.97	pattie	pâtit	pæti	pæ+ti
0.97	patter	péter	pætɐ	pæ+tɐ
0.97	pasha	péché	pæʃɐ	pæ+ʃɐ
0.97	parry	pari	pæɹi	pæ+ɹi
0.97	pappy	papy	pæpi	pæ+pi
0.97	pally	pâli	pæli	pæ+li
0.97	packs	pacs	pæks	pæ+ks
0.97	noil	noël	nɔɪl	nɔ+ɪl
0.97	moony	muni	muːni	mu+ni
0.97	meaty	midi	miːti	mi+ti
0.97	matter	mater	mætɐ	mæ+tɐ
0.97	massy	messie	mæsi	mæ+si
0.97	masque	masque	mæsk	mæ+sk
0.97	masher	mâcher	mæʃɐ	mæ+ʃɐ
0.97	mammy	mamie	mæmi	mæ+mi
0.97	mallee	mali	mæliː	mæ+li
0.97	madder	médée	mædɐ	mæ+dɐ
0.97	macs	max	mæks	mæ+ks
0.97	macks	max	mæks	mæ+ks
0.97	looter	lutter	luːtɐ	lu+tɐ
0.97	loopy	loupé	luːpi	lu+pi
0.97	looby	lubie	luːbi	lu+bi
0.97	lessee	laisser	lɛsiː	lɛ+si
0.97	leks	lynx	lɛks	lɛ+ks
0.97	latter	latter	lætɐ	læ+tɐ
0.97	lassie	lacis	læsi	læ+si
0.97	laddie	lesdits	lædi	læ+di
0.97	kauri	corée	kɔːɹi	kɔ+ɹi
0.97	kasha	cacher	kæʃɐ	kæ+ʃɐ
0.97	kaki	kaki	kæki	kæ+ki
0.97	kadi	caddie	kædi	kæ+di
0.97	jock	jack	dʒɒk	dʒ+ɒk
0.97	jack	jack	dʒæk	dʒ+æk
0.97	frill	frêle	fɹɪl	fɹ+ɪl
0.97	flute	flûte	fluːt	fl+ut
0.97	floored	flotte	flɔːd	fl+ɔd
0.97	flan	flâne	flæn	fl+æn
0.97	flam	flammes	flæm	fl+æm
0.97	flak	flaque	flæk	fl+æk
0.97	flack	flaque	flæk	fl+æk
0.97	fessed	veste	fɛst	fɛ+st
0.97	feeder	vider	fiːdɐ	fi+dɐ
0.97	faller	voler	fɔːlɐ	fɔ+lɐ
0.97	easel	isole	iːzəl	iz+əl
0.97	drupe	troupes	dɹuːp	dɹ+up
0.97	droop	troupes	dɹuːp	dɹ+up
0.97	dram	drame	dɹæm	dɹ+æm
0.97	dory	doré	dɔːɹi	dɔ+ɹi
0.97	demy	demi	dɛmi	dɛ+mi
0.97	cutter	côté	kʌtɐ	kʌ+tɐ
0.97	cutch	coach	kʌtʃ	kʌ+tʃ
0.97	cupped	capte	kʌpt	kʌ+pt
0.97	cuddy	caddie	kʌdi	kʌ+di
0.97	crus	crous	kɹuːz	kɹ+uz
0.97	cruck	crack	kɹʌk	kɹ+ʌk
0.97	crewed	croûte	kɹuːd	kɹ+ud
0.97	cress	grèce	kɹɛs	kɹ+ɛs
0.97	creel	grill	kɹiːl	kɹ+il
0.97	cred	crête	kɹɛd	kɹ+ɛd
0.97	cram	crame	kɹæm	kɹ+æm
0.97	cotter	côté	kɒtɐ	kɒ+tɐ
0.97	cottar	côté	kɒtɐ	kɒ+tɐ
0.97	cotta	côté	kɒtɐ	kɒ+tɐ
0.97	corrie	carie	kɒɹi	kɒ+ɹi
0.97	combe	commet	kəmɛ	kə+mɛ
0.97	colour	calé	kʌlɐ	kʌ+lɐ
0.97	cocky	kaki	kɒki	kɒ+ki
0.97	cluck	claque	klʌk	kl+ʌk
0.97	clews	cluses	kluːz	kl+uz
0.97	claque	claque	klæk	kl+æk
0.97	clam	clame	klæm	kl+æm
0.97	clack	claque	klæk	kl+æk
0.97	chat	chat	tʃæt	tʃ+æt
0.97	cassia	cacher	kæʃɐ	kæ+ʃɐ
0.97	calla	calé	kælɐ	kæ+lɐ
0.97	cadi	caddie	kædi	kæ+di
0.97	caddy	caddie	kædi	kæ+di
0.97	caddie	caddie	kædi	kæ+di
0.97	butty	bâti	bʌti	bʌ+ti
0.97	butter	beauté	bʌtɐ	bʌ+tɐ
0.97	busk	basque	bʌsk	bʌ+sk
0.97	burry	barrie	bʌɹi	bʌ+ɹi
0.97	budge	badge	bʌdʒ	bʌ+dʒ
0.97	bruise	brousse	bɹuːz	bɹ+uz
0.97	broom	brume	bɹuːm	bɹ+um
0.97	brood	broute	bɹuːd	bɹ+ud
0.97	brock	braque	bɹɒk	bɹ+ɒk
0.97	broch	braque	bɹɒk	bɹ+ɒk
0.97	brews	brousse	bɹuːz	bɹ+uz
0.97	brewed	broute	bɹuːd	bɹ+ud
0.97	breve	prive	bɹiːv	bɹ+iv
0.97	border	body	bɔːdɐ	bɔ+dɐ
0.97	boarder	body	bɔːdɐ	bɔ+dɐ
0.97	blot	blattes	blɒt	bl+ɒt
0.97	beefy	biffer	biːfi	bi+fi
0.97	beanie	béni	biːni	bi+ni
0.97	beaked	picte	biːkt	bi+kt
0.97	bally	poli	bɔːli	bɔ+li
0.97	alter	haleter	ɒltɐ	ɒl+tɐ
0.97	altar	haleter	ɒltɐ	ɒl+tɐ
0.969	tractive	traquent ive	tɹæktɪv	tɹæ+ktɪv
0.969	disprove	dis prouve	dɪspɹuːv	dɪs+pɹuv
0.967	pressing	pressing	pɹɛsɪŋ	pɹɛs+ɪŋ
0.967	pressies	précise	pɹɛsɪz	pɹɛs+ɪz
0.967	presses	précise	pɹɛsɪz	pɹɛs+ɪz
0.967	beetroot	but route	biːtɹuːt	bit+ɹut
0.964	marcel	mas elle	mɑːsɛl	mɑ+sɛl
0.964	artist	atteste	ɑːtɪst	ɑt+ɪst
0.963	wheeler	huilé	wiːlɐ	wi+lɐ
0.963	triply	triplé	tɹɪpli	tɹɪ+pli
0.963	sissy	ceci	sɪsi	sɪ+si
0.963	rickey	requis	ɹɪki	ɹɪ+ki
0.963	restive	rincent ive	ɹɛstɪv	ɹɛs+tɪv
0.963	divvy	devis	dɪvi	dɪ+vi
0.963	cellist	céleste	sɛlɪst	sɛl+ɪst
0.963	betta	bêta	bɛtɐ	bɛ+tɐ
0.96	wrested	rincent aide	ɹɛstɪd	ɹɛst+ɪd
0.96	trestle	trais elle	tɹɛsəl	tɹɛs+əl
0.96	tresses	trais aise	tɹɛsɪz	tɹɛs+ɪz
0.96	tressel	trais elle	tɹɛsəl	tɹɛs+əl
0.96	teston	taies tonnes	tɛstən	tɛst+ən
0.96	testis	taies dix	tɛstiz	tɛst+iz
0.96	testes	taies dix	tɛstiːz	tɛst+iz
0.96	testers	taies thèse	tɛstəz	tɛst+əz
0.96	streaks	strict	stɹiːks	stɹi+ks
0.96	select	sélect	sɪlɛkt	sɪ+lɛkt
0.96	rested	rincent aide	ɹɛstɪd	ɹɛst+ɪd
0.96	reprove	réprouve	ɹɪpɹuːv	ɹɪ+pɹuv
0.96	precess	princesse	pɹɪsɛs	pɹɪ+sɛs
0.96	menaced	main est	mɛnɪst	mɛn+ɪst
0.96	meatball	met bol	miːtbɔːl	mit+bɔl
0.96	lyric	lyrique	lɪɹɪk	lɪ+ɹɪk
0.96	derrick	derrick	dɛɹɪk	dɛ+ɹɪk
0.96	conceit	con site	kənsiːt	kən+sit
0.96	concede	con cid	kənsiːd	kən+sid
0.96	censors	sain seize	sɛnsəz	sɛns+əz
0.96	censored	saines aide	sɛnsəd	sɛns+əd
0.96	censers	sain seize	sɛnsəz	sɛns+əz
0.96	bellies	belize	bɛlɪz	bɛl+ɪz
0.956	tesla	déceler	tɛslɐ	tɛs+lɐ
0.956	terrors	thérèse	tɛɹəz	tɛɹ+əz
0.956	senores	sain ose	sɛnɔːz	sɛn+ɔz
0.956	scrip	scribe	skɹɪp	skɹ+ɪp
0.956	reseal	ries il	ɹɪsiːl	ɹɪs+il
0.956	rennet	rainette	ɹɛnɪt	ɹɛn+ɪt
0.956	readies	redisent	ɹɛdɪz	ɹɛd+ɪz
0.956	privy	privé	pɹɪvi	pɹɪ+vi
0.956	porters	pot aise	pɔːtəz	pɔt+əz
0.956	pennis	pénis	pɛniz	pɛn+iz
0.956	peacock	bicoque	piːkɒk	pik+ɒk
0.956	octave	active	ɒktɪv	ɒk+tɪv
0.956	menace	main hisse	mɛnɪs	mɛn+ɪs
0.956	grist	christ	ɡɹɪst	ɡɹ+ɪst
0.956	ferrule	férule	fɛɹuːl	fɛ+ɹul
0.956	deceive	dis ive	dɪsiːv	dɪs+iv
0.956	decease	dis hisse	dɪsiːs	dɪs+is
0.956	conic	conique	kənɪk	kən+ɪk
0.956	centaur	sain taux	sɛntɔː	sɛn+tɔ
0.956	cecal	séquelles	sɛkəl	sɛk+əl
0.956	beckon	bacon	bɛkən	bɛ+kən
0.956	active	active	æktɪv	æk+tɪv
0.955	tala	daller	tɑːlɐ	tɑ+lɐ
0.955	start	stade	stɑːt	st+ɑt
0.955	recruit	recrute	ɹɪkɹuːt	ɹɪk+ɹut
0.955	parlour	palais	pɑːlɐ	pɑ+lɐ
0.955	parlor	palais	pɑːlɐ	pɑ+lɐ
0.955	palmy	pâmer	pɑːmi	pɑ+mi
0.955	marshy	magie	mɑːʃi	mɑ+ʃi
0.955	lardy	lattis	lɑːdi	lɑ+di
0.955	larder	latter	lɑːdɐ	lɑ+dɐ
0.955	kami	camée	kɑːmi	kɑ+mi
0.955	kali	calé	kɑːli	kɑ+li
0.955	catarrh	quotas	kətɑː	kə+tɑ
0.955	carter	gâté	kɑːtɐ	kɑ+tɐ
0.955	carny	canée	kɑːni	kɑ+ni
0.955	carnie	canée	kɑːni	kɑ+ni
0.955	carney	canée	kɑːni	kɑ+ni
0.955	carder	cadet	kɑːdɐ	kɑ+dɐ
0.955	cadre	cadet	kɑːdɐ	kɑ+dɐ
0.955	arson	assène	ɑːsən	ɑs+ən
0.952	wrestle	recèle	ɹɛsəl	ɹɛs+əl
0.952	trending	train digne	tɹɛndɪŋ	tɹɛ+ndɪŋ
0.952	treater	traité	tɹiːtɐ	tɹi+tɐ
0.952	trashy	trachée	tɹæʃi	tɹæ+ʃi
0.952	strep	strip	stɹɛp	stɹ+ɛp
0.952	stellar	stylé	stɛlɐ	stɛ+lɐ
0.952	stela	stylé	stɛlɐ	stɛ+lɐ
0.952	sext	sixte	sɛkst	sɛ+kst
0.952	sexed	sixte	sɛkst	sɛ+kst
0.952	setters	synthèse	sɛtəz	sɛt+əz
0.952	settees	sottises	sɛtiːz	sɛt+iz
0.952	senors	sain aise	sɛnəz	sɛn+əz
0.952	seeders	scient aise	siːdəz	sid+əz
0.952	seeded	scient aide	siːdɪd	sid+ɪd
0.952	seaport	chipote	siːpɔːt	si+pɔt
0.952	screwed	scrute	skɹuːd	skɹ+ud
0.952	routers	ruent aise	ɹuːtəz	ɹut+əz
0.952	rooters	ruent aise	ɹuːtəz	ɹut+əz
0.952	redly	raies lis	ɹɛdli	ɹɛd+li
0.952	redden	redonne	ɹɛdən	ɹɛd+ən
0.952	rebury	repris	ɹɛbɹi	ɹɛ+bɹi
0.952	reason	résonne	ɹiːzən	ɹiz+ən
0.952	racket	raquette	ɹækɪt	ɹæk+ɪt
0.952	prissy	précis	pɹɪsi	pɹɪ+si
0.952	pretty	prêter	pɹɪti	pɹɪ+ti
0.952	pretor	prêtons	pɹɪtɔː	pɹɪ+tɔ
0.952	praetor	prêter	pɹiːtɐ	pɹi+tɐ
0.952	pleader	plaider	pliːdɐ	pli+dɐ
0.952	misty	mais tee	mɪsti	mɪ+sti
0.952	metres	mitose	miːtəz	mit+əz
0.952	meters	mitose	miːtəz	mit+əz
0.952	metered	méthode	miːtəd	mit+əd
0.952	messes	mais aise	mɛsɪz	mɛs+ɪz
0.952	meetly	met lis	miːtli	mit+li
0.952	maxed	mixte	mækst	mæ+kst
0.952	leases	lis aise	liːsɪz	lis+ɪz
0.952	kukri	cokerie	kʌkɹi	kʌ+kɹi
0.952	jeered	djihad	dʒiəd	dʒi+əd
0.952	greedy	crédit	ɡɹiːdi	ɡɹi+di
0.952	freely	frileux	fɹiːli	fɹi+li
0.952	freebie	fripé	fɹiːbi	fɹi+bi
0.952	fender	vin des	fɛndɐ	fɛ+ndɐ
0.952	faeces	fies hisse	fiːsiːz	fi+siz
0.952	emcees	aimes hisse	ɛmsiːz	ɛm+siz
0.952	deport	dépote	dɪpɔːt	dɪ+pɔt
0.952	deacon	déconne	diːkən	di+kən
0.952	crest	christ	kɹɛst	kɹ+ɛst
0.952	creaky	criquets	kɹiːki	kɹi+ki
0.952	corset	concède	kɔːsɛt	kɔ+sɛt
0.952	conte	con taie	kəntɛ	kən+tɛ
0.952	cinder	sain des	sɪndɐ	sɪ+ndɐ
0.952	ceded	scient aide	siːdɪd	sid+ɪd
0.952	cedars	scient aise	siːdəz	sid+əz
0.952	caress	caresse	kəɹɛs	kə+ɹɛs
0.952	canal	quenelle	kənæl	kən+æl
0.952	callers	colosse	kɔːləz	kɔl+əz
0.952	busty	bas tee	bʌsti	bʌ+sti
0.952	budgie	badger	bʌdʒi	bʌ+dʒi
0.952	breech	bridge	bɹiːtʃ	bɹi+tʃ
0.952	bawdry	poterie	bɔːdɹi	bɔd+ɹi
0.95	sweep	slip	swiːp	sw+ip
0.95	routeing	routine	ɹuːtɪŋ	ɹut+ɪŋ
0.95	rooting	routine	ɹuːtɪŋ	ɹut+ɪŋ
0.95	rede	rider	ɹɪdɛ	ɹɪ+dɛ
0.95	piecing	piscine	piːsɪŋ	pis+ɪŋ
0.95	olive	olive	ɒlɪv	ɒl+ɪv
0.95	litre	lutter	liːtɐ	li+tɐ
0.95	lewis	louise	luːiz	lu+iz
0.95	leeks	luxe	liːks	li+ks
0.95	freest	triste	fɹiːst	fɹ+ist
0.95	feta	futé	fiːtɐ	fi+tɐ
0.95	epoch	époque	ɛpɒk	ɛp+ɒk
0.95	dele	dealer	dɪlɛ	dɪ+lɛ
0.95	corny	connu	kɔːni	kɔ+ni
0.95	corky	cocu	kɔːki	kɔ+ki
0.95	calling	colline	kɔːlɪŋ	kɔl+ɪŋ
0.95	audit	audit	ɔːdɪt	ɔd+ɪt
0.946	rusty	rester	ɹʌsti	ɹʌ+sti
0.946	lording	loden	lɔːdɪŋ	lɔ+dɪŋ
0.946	lauding	loden	lɔːdɪŋ	lɔ+dɪŋ
0.946	greeter	greta	ɡɹiːtɐ	ɡɹi+tɐ
0.945	zippy	zipper	zɪpi	zɪ+pi
0.945	titter	titi	tɪtɐ	tɪ+tɐ
0.945	titre	titi	tɪtɐ	tɪ+tɐ
0.945	tiki	tiquer	tɪki	tɪ+ki
0.945	ticked	dicte	tɪkt	tɪ+kt
0.945	telly	télé	tɛli	tɛ+li
0.945	teddy	dédie	tɛdi	tɛ+di
0.945	tedder	téter	tɛdɐ	tɛ+dɐ
0.945	sortie	sauter	sɔːti	sɔ+ti
0.945	shinny	chiner	ʃɪni	ʃɪ+ni
0.945	seesaw	ciseaux	siːsɔː	si+sɔ
0.945	schiller	chili	ʃɪlɐ	ʃɪ+lɐ
0.945	prick	briques	pɹɪk	pɹ+ɪk
0.945	picky	piquer	pɪki	pɪ+ki
0.945	otic	attique	ɒtɪk	ɒt+ɪk
0.945	ostler	osselets	ɒslɐ	ɒs+lɐ
0.945	mys	maïs	maɪz	ma+ɪz
0.945	loppy	lobby	lɒpi	lɒ+pi
0.945	lippy	libye	lɪpi	lɪ+pi
0.945	limy	limer	lɪmi	lɪ+mi
0.945	krill	grill	kɹɪl	kɹ+ɪl
0.945	kite	caïd	kaɪt	ka+ɪt
0.945	emmet	émettent	ɛmɪt	ɛm+ɪt
0.945	eases	isis	iːzɪz	iz+ɪz
0.945	drip	trip	dɹɪp	dɹ+ɪp
0.945	ditty	titi	dɪti	dɪ+ti
0.945	dilly	dealer	dɪli	dɪ+li
0.945	deader	dédie	dɛdɐ	dɛ+dɐ
0.945	cedi	céder	sɛdi	sɛ+di
0.945	brawn	prône	bɹɔːn	bɹ+ɔn
0.945	attic	éthique	ætɪk	æt+ɪk
0.945	anise	anis	ænɪs	æn+ɪs
0.945	anis	anise	ænɪz	æn+ɪz
0.945	alleys	élise	ælɪz	æl+ɪz
0.944	vending	vin digne	vɛndɪŋ	vɛ+ndɪŋ
0.944	treading	training	tɹɛdɪŋ	tɹɛ+dɪŋ
0.944	tending	tain digne	tɛndɪŋ	tɛ+ndɪŋ
0.944	sensing	sain signe	sɛnsɪŋ	sɛns+ɪŋ
0.944	scending	sain digne	sɛndɪŋ	sɛ+ndɪŋ
0.944	rending	rhin digne	ɹɛndɪŋ	ɹɛ+ndɪŋ
0.944	mending	main digne	mɛndɪŋ	mɛ+ndɪŋ
0.944	desist	dis est	dɪsɪst	dɪs+ɪst
0.94	wrecks	rixe	ɹɛks	ɹɛ+ks
0.94	wreaked	rixe	ɹiːkt	ɹi+kt
0.94	wracks	rixe	ɹæks	ɹæ+ks
0.94	velour	voler	vɛlɐ	vɛ+lɐ
0.94	veldt	volts	vɛlt	vɛ+lt
0.94	vela	voler	vɛlɐ	vɛ+lɐ
0.94	treen	traîne	tɹiːn	tɹ+in
0.94	tori	doré	tɔːɹi	tɔ+ɹi
0.94	tiller	télé	tɪlɐ	tɪ+lɐ
0.94	techs	sexe	tɛks	tɛ+ks
0.94	swede	souhaite	swiːd	sw+id
0.94	suppress	sofres	səpɹɛs	sə+pɹɛs
0.94	spree	spray	spɹiː	sp+ɹi
0.94	sped	speed	spɛd	sp+ɛd
0.94	sky	skaï	skaɪ	sk+aɪ
0.94	skid	skate	skɪd	sk+ɪd
0.94	skep	skip	skɛp	sk+ɛp
0.94	skeet	skate	skiːt	sk+it
0.94	skat	skate	skæt	sk+æt
0.94	shelly	chili	ʃɛli	ʃɛ+li
0.94	settee	synthé	sɛtiː	sɛ+ti
0.94	setae	synthé	sɛtiː	sɛ+ti
0.94	seedy	cité	siːdi	si+di
0.94	seamy	chimie	siːmi	si+mi
0.94	scat	skate	skæt	sk+æt
0.94	rusk	risque	ɹʌsk	ɹʌ+sk
0.94	rushy	régie	ɹʌʃi	ɹʌ+ʃi
0.94	rusher	rocher	ɹʌʃɐ	ɹʌ+ʃɐ
0.94	ruder	rôder	ɹuːdɐ	ɹu+dɐ
0.94	rucks	rixe	ɹʌks	ɹʌ+ks
0.94	rooter	roter	ɹuːtɐ	ɹu+tɐ
0.94	rishi	régie	ɹiːʃi	ɹi+ʃi
0.94	reeked	rixe	ɹiːkt	ɹi+kt
0.94	reddest	raies est	ɹɛdəst	ɹɛd+əst
0.94	redder	redis	ɹɛdɐ	ɹɛ+dɐ
0.94	reaped	rift	ɹiːpt	ɹi+pt
0.94	ratty	raté	ɹæti	ɹæ+ti
0.94	rasher	rager	ɹæʃɐ	ɹæ+ʃɐ
0.94	rapport	répond	ɹæpɔː	ɹæ+pɔ
0.94	raki	raquer	ɹæki	ɹæ+ki
0.94	racks	rixe	ɹæks	ɹæ+ks
0.94	pressers	princesse	pɹɛsəz	pɹɛs+əz
0.94	preen	prennent	pɹiːn	pɹ+in
0.94	precede	président	pɹɪsiːd	pɹɪ+sid
0.94	prat	prête	pɹæt	pɹ+æt
0.94	pleat	plisse	pliːt	pl+it
0.94	plead	plaide	pliːd	pl+id
0.94	pinny	penny	pɪni	pɪ+ni
0.94	peeks	fixe	piːks	pi+ks
0.94	pecked	picte	pɛkt	pɛ+kt
0.94	pawpaw	pompon	pɔːpɔː	pɔ+pɔ
0.94	pander	pan des	pændɐ	pæ+ndɐ
0.94	panda	pan des	pændɐ	pæ+ndɐ
0.94	pallor	palais	pælɐ	pæ+lɐ
0.94	paddy	pédé	pædi	pæ+di
0.94	orcas	occase	ɔːkəz	ɔk+əz
0.94	missy	messie	mɪsi	mɪ+si
0.94	mise	messie	mɪsiː	mɪ+si
0.94	miller	mêler	mɪlɐ	mɪ+lɐ
0.94	miffy	méfie	mɪfi	mɪ+fi
0.94	mealy	mêler	miːli	mi+li
0.94	mealie	mêler	miːli	mi+li
0.94	mashie	magie	mæʃi	mæ+ʃi
0.94	loony	luné	luːni	lu+ni
0.94	looney	luné	luːni	lu+ni
0.94	litter	laiteux	lɪtɐ	lɪ+tɐ
0.94	lieder	lisez	liːdɐ	li+dɐ
0.94	licks	lynx	lɪks	lɪ+ks
0.94	levee	lever	lɛviː	lɛ+vi
0.94	leaped	lift	liːpt	li+pt
0.94	leaky	ligués	liːki	li+ki
0.94	lauder	ledit	lɔːdɐ	lɔ+dɐ
0.94	ladder	lesdits	lædɐ	læ+dɐ
0.94	lackey	laqué	læki	læ+ki
0.94	joss	jazz	dʒɒs	dʒ+ɒs
0.94	jess	jet	dʒɛs	dʒ+ɛs
0.94	jefe	jeep	dʒiːf	dʒ+if
0.94	honoured	anode	ɒnəd	ɒn+əd
0.94	honored	anode	ɒnəd	ɒn+əd
0.94	grit	crête	ɡɹɪt	ɡɹ+ɪt
0.94	gran	crâne	ɡɹæn	ɡɹ+æn
0.94	geed	gin	dʒiːd	dʒ+id
0.94	freeboard	friponne	fɹiːbɔːd	fɹi+bɔd
0.94	frat	frites	fɹæt	fɹ+æt
0.94	forty	voter	fɔːti	fɔ+ti
0.94	forked	fox	fɔːkt	fɔ+kt
0.94	foresee	foncé	fɔːsiː	fɔ+si
0.94	foresaw	fonçons	fɔːsɔː	fɔ+sɔ
0.94	fleece	plisse	fliːs	fl+is
0.94	fleck	flics	flɛk	fl+ɛk
0.94	fleam	flemme	fliːm	fl+im
0.94	fenny	fini	fɛni	fɛ+ni
0.94	dross	traces	dɹɒs	dɹ+ɒs
0.94	drool	drôle	dɹuːl	dɹ+ul
0.94	dreg	drogue	dɹɛɡ	dɹ+ɛɡ
0.94	dread	traite	dɹɛd	dɹ+ɛd
0.94	dorky	toquer	dɔːki	dɔ+ki
0.94	dorks	docte	dɔːks	dɔ+ks
0.94	dissed	test	dɪst	dɪ+st
0.94	dippy	dépit	dɪpi	dɪ+pi
0.94	derry	terrer	dɛɹi	dɛ+ɹi
0.94	decked	dicte	dɛkt	dɛ+kt
0.94	debtor	doté	dɛtɐ	dɛ+tɐ
0.94	cyst	zeste	sɪst	sɪ+st
0.94	cutty	côté	kʌti	kʌ+ti
0.94	cully	colis	kʌli	kʌ+li
0.94	cubby	képi	kʌbi	kʌ+bi
0.94	clued	claude	kluːd	kl+ud
0.94	clot	claude	klɒt	kl+ɒt
0.94	cist	zeste	sɪst	sɪ+st
0.94	cheep	jeep	tʃiːp	tʃ+ip
0.94	catty	caddie	kæti	kæ+ti
0.94	caressed	choristes	kəɹɛst	kə+ɹɛst
0.94	canny	canée	kæni	kæ+ni
0.94	candour	khan des	kændɐ	kæ+ndɐ
0.94	cabby	képi	kæbi	kæ+bi
0.94	cabbie	képi	kæbi	kæ+bi
0.94	bucked	pacte	bʌkt	bʌ+kt
0.94	brit	prête	bɹɪt	bɹ+ɪt
0.94	bris	presse	bɹɪs	bɹ+ɪs
0.94	brill	prêle	bɹɪl	bɹ+ɪl
0.94	blued	blues	bluːd	bl+ud
0.94	bleat	blettes	bliːt	bl+it
0.94	becks	box	bɛks	bɛ+ks
0.94	beamy	mimi	biːmi	bi+mi
0.94	beady	midi	biːdi	bi+di
0.94	baulked	box	bɔːkt	bɔ+kt
0.94	aural	oral	ɔːɹəl	ɔɹ+əl
0.94	atoll	étale	ætɒl	æt+ɒl
0.94	artiste	assiste	ɑːtiːst	ɑt+ist
0.94	acne	acné	ækni	æk+ni
0.94	acme	acmé	ækmi	æk+mi
0.938	testing	destine	tɛstɪŋ	tɛst+ɪŋ
0.938	teeny	fini	tiːni	ti+ni
0.938	sorest	soft	sɔːst	sɔ+st
0.938	sorely	folie	sɔːli	sɔ+li
0.938	sauced	soft	sɔːst	sɔ+st
0.938	quiz	cuisent	kwɪz	kw+ɪz
0.938	pleading	plient in	pliːdɪŋ	pli+dɪŋ
0.938	phoebe	cb	fiːbiː	fi+bi
0.938	cling	clean	klɪŋ	kl+ɪŋ
0.936	weaken	lichens	wiːkən	wi+kən
0.936	screed	scrute	skɹiːd	sk+ɹid
0.936	pennies	pénis	pɛnɪz	pɛn+ɪz
0.936	beetle	but elle	biːtəl	bit+əl
0.935	tali	talus	tɑːli	tɑ+li
0.933	tinny	tenez	tɪni	tɪ+ni
0.933	rete	retint	ɹɪtɛ	ɹɪ+tɛ
0.933	bussed	peste	bʌst	bʌ+st
0.932	ridgy	rient chie	ɹɪdʒi	ɹɪ+dʒi
0.932	redraw	rétro	ɹiːdɹɔː	ɹid+ɹɔ
0.932	readied	redites	ɹɛdɪd	ɹɛd+ɪd
0.932	ported	petite	pɔːtɪd	pɔt+ɪd
0.932	porgy	pot chie	pɔːdʒi	pɔ+dʒi
0.932	exon	exode	ɛɡzɒn	ɛɡz+ɒn
0.932	endive	haines ive	ɛndɪv	ɛnd+ɪv
0.932	doorbell	nobel	dɔːbɛl	dɔ+bɛl
0.932	disses	dis aise	dɪsɪz	dɪs+ɪz
0.932	belling	mailing	bɛlɪŋ	bɛl+ɪŋ
0.932	bellied	bolide	bɛlɪd	bɛl+ɪd
0.932	beating	meeting	biːtɪŋ	bit+ɪŋ
0.93	arsing	assigne	ɑːsɪŋ	ɑs+ɪŋ
0.929	wedgie	ouais chie	wɛdʒi	wɛ+dʒi
0.929	veggie	fidji	vɛdʒi	vɛ+dʒi
0.929	treaty	traité	tɹiːti	tɹi+ti
0.929	supers	suppose	suːpəz	sup+əz
0.929	straws	stress	stɹɔːz	stɹ+ɔz
0.929	stelae	stylé	stɛliː	stɛ+li
0.929	speller	spolie	spɛlɐ	spɛ+lɐ
0.929	specs	sphinx	spɛks	sp+ɛks
0.929	specks	sphinx	spɛks	sp+ɛks
0.929	reseed	réside	ɹɪsiːd	ɹɪ+sid
0.929	reckon	ricaine	ɹɛkən	ɹɛ+kən
0.929	recede	réside	ɹɪsiːd	ɹɪ+sid
0.929	racon	ricaine	ɹækən	ɹæ+kən
0.929	preppy	brebis	pɹɛpi	pɹɛ+pi
0.929	preach	bridge	pɹiːtʃ	pɹi+tʃ
0.929	meted	mitaine	miːtɪd	mit+ɪd
0.929	meatus	mitose	miːtəs	mit+əs
0.929	lessen	lettone	lɛsən	lɛs+ən
0.929	greeny	grainé	ɡɹiːni	ɡɹi+ni
0.929	foresees	fonceuse	fɔːsiːz	fɔ+siz
0.929	entomb	aident hume	ɛntuːm	ɛnt+um
0.929	deceit	décide	dɪsiːt	dɪ+sit
0.929	canoes	con use	kənuːz	kən+uz
0.929	canoed	con août	kənuːd	kən+ud
0.929	boredom	bonhomme	bɔːdəm	bɔd+əm
0.929	bordered	bond aide	bɔːdəd	bɔd+əd
0.929	boarders	bond aise	bɔːdəz	bɔd+əz
0.929	balder	voleter	bɔːldɐ	bɔl+dɐ
0.929	access	axis	æksɛs	æk+sɛs
0.926	sparse	spath	spɑːs	sp+ɑs
0.926	seizing	saisine	siːzɪŋ	siz+ɪŋ
0.926	seeding	scient in	siːdɪŋ	si+dɪŋ
0.926	ruche	ranch	ɹʌtʃ	ɹʌ+tʃ
0.926	porting	bottines	pɔːtɪŋ	pɔt+ɪŋ
0.926	parky	paquet	pɑːki	pɑ+ki
0.926	needy	midi	niːdi	ni+di
0.926	neater	mité	niːtɐ	ni+tɐ
0.926	marge	match	mɑːdʒ	mɑ+dʒ
0.926	madding	médine	mædɪŋ	mæ+dɪŋ
0.926	foremen	semaine	fɔːmɛn	fɔ+mɛn
0.926	emcee	ensi	ɛmsiː	ɛm+si
0.926	ceding	scient in	siːdɪŋ	si+dɪŋ
0.926	budding	badine	bʌdɪŋ	bʌ+dɪŋ
0.926	boarding	bottines	bɔːdɪŋ	bɔ+dɪŋ
0.926	aster	acheter	ɑːstɐ	ɑs+tɐ
0.925	suing	swing	suːɪŋ	su+ɪŋ
0.925	quip	clip	kwɪp	kw+ɪp
0.925	inly	inouï	ɪnli	ɪn+li
0.925	bevy	bévue	bɛvi	bɛ+vi
0.925	bevvy	bévue	bɛvi	bɛ+vi
0.924	fending	vin digne	fɛndɪŋ	fɛ+ndɪŋ
0.922	forlorn	pologne	fɔːlɔːn	fɔl+ɔn
0.922	bedding	bedaine	bɛdɪŋ	bɛ+dɪŋ
0.922	bawling	pollen	bɔːlɪŋ	bɔl+ɪŋ
0.922	balling	pollen	bɔːlɪŋ	bɔl+ɪŋ
0.92	tiered	tiède	tiəd	ti+əd
0.92	remit	rhinite	ɹiːmɪt	ɹim+ɪt
0.92	peewee	pilé	piːwiː	pi+wi
0.92	ochrey	accru	ɒkɹi	ɒk+ɹi
0.92	nixed	mixte	nɪkst	nɪ+kst
0.92	nears	niaise	niəz	ni+əz
0.92	cleat	quid	kliːt	kl+it
0.919	forelegs	solex	fɔːlɛɡz	fɔl+ɛɡz
0.917	larboard	lapone	lɑːbɔːd	lɑ+bɔd
0.915	spin	speed	spɪn	sp+ɪn
0.915	shipped	chips	ʃɪpt	ʃɪ+pt
0.915	shade	chiites	ʃeɪd	ʃe+ɪd
0.915	ripped	rift	ɹɪpt	ɹɪ+pt
0.915	rigs	rixe	ɹɪɡz	ɹɪ+ɡz
0.915	ricked	rixe	ɹɪkt	ɹɪ+kt
0.915	pix	fixe	pɪks	pɪ+ks
0.915	pics	fixe	pɪks	pɪ+ks
0.915	picks	fixe	pɪks	pɪ+ks
0.915	papaw	pipeau	pæpɔː	pæ+pɔ
0.915	ockers	occase	ɒkəz	ɒk+əz
0.915	nicked	dicte	nɪkt	nɪ+kt
0.915	nelly	délit	nɛli	nɛ+li
0.915	macaw	mégots	mækɔː	mæ+kɔ
0.915	lopped	loft	lɒpt	lɒ+pt
0.915	lipped	lift	lɪpt	lɪ+pt
0.915	escheat	égide	ɛʃiːt	ɛʃ+it
0.915	eddies	indice	ɛdɪz	ɛd+ɪz
0.915	dicky	tiquer	dɪki	dɪ+ki
0.915	dicks	dicte	dɪks	dɪ+ks
0.915	dickie	tiquer	dɪki	dɪ+ki
0.915	dickey	tiquer	dɪki	dɪ+ki
0.915	chip	jeep	tʃɪp	tʃ+ɪp
0.915	chin	gin	tʃɪn	tʃ+ɪn
0.915	amice	émises	æmɪs	æm+ɪs
0.914	larding	latine	lɑːdɪŋ	lɑ+dɪŋ
0.912	techies	déguise	tɛkɪz	tɛk+ɪz
0.912	penning	bénigne	pɛnɪŋ	pɛn+ɪŋ
0.911	treed	traite	tɹiːd	tɹ+id
0.911	tics	sexe	tɪks	tɪ+ks
0.911	ticks	sexe	tɪks	tɪ+ks
0.911	techy	toquer	tɛki	tɛ+ki
0.911	techie	toquer	tɛki	tɛ+ki
0.911	swam	souabe	swæm	sw+æm
0.911	sheered	géode	ʃiəd	ʃi+əd
0.911	sheared	géode	ʃiəd	ʃi+əd
0.911	rani	radis	ɹæni	ɹæ+ni
0.911	pecs	box	pɛks	pɛ+ks
0.911	pecks	box	pɛks	pɛ+ks
0.911	otters	hôtesse	ɒtəz	ɒt+əz
0.911	netty	noter	nɛti	nɛ+ti
0.911	mags	max	mæɡz	mæ+ɡz
0.911	lemme	limer	lɛmi	lɛ+mi
0.911	legs	lynx	lɛɡz	lɛ+ɡz
0.911	lasso	lasso	læsuː	læ+su
0.911	lapped	laps	læpt	læ+pt
0.911	jot	chat	dʒɒt	dʒ+ɒt
0.911	jawed	jet	dʒɔːd	dʒ+ɔd
0.911	honours	ânesse	ɒnəz	ɒn+əz
0.911	honors	ânesse	ɒnəz	ɒn+əz
0.911	flume	plume	fluːm	fl+um
0.911	floss	place	flɒs	fl+ɒs
0.911	flees	plisse	fliːz	fl+iz
0.911	fleas	plisse	fliːz	fl+iz
0.911	evil	eiffel	iːvəl	iv+əl
0.911	enter	ensi	ɛntɐ	ɛn+tɐ
0.911	eating	éteignent	iːtɪŋ	it+ɪŋ
0.911	draws	treize	dɹɔːz	dɹ+ɔz
0.911	drat	traite	dɹæt	dɹ+æt
0.911	detour	tétons	diːtɔː	di+tɔ
0.911	clem	club	klɛm	kl+ɛm
0.911	chon	tchad	tʃɒn	tʃ+ɒn
0.911	chock	jack	tʃɒk	tʃ+ɒk
0.911	choc	jack	tʃɒk	tʃ+ɒk
0.911	chit	jet	tʃɪt	tʃ+ɪt
0.911	chevy	cheveux	ʃɛvi	ʃɛ+vi
0.911	cadge	catch	kædʒ	kæ+dʒ
0.911	brawl	prêle	bɹɔːl	bɹ+ɔl
0.911	bran	prennent	bɹæn	bɹ+æn
0.911	booby	poupée	buːbi	bu+bi
0.911	bloop	plouf	bluːp	bl+up
0.911	blip	plèbe	blɪp	bl+ɪp
0.911	auras	horace	ɔːɹəz	ɔɹ+əz
0.911	atom	atomes	ætəm	æt+əm
0.911	anti	hindi	ænti	æn+ti
0.911	ante	hindi	æntiː	æn+ti
0.911	annas	ânesse	ænəz	æn+əz
0.911	annal	anal	ænəl	æn+əl
0.911	actor	axé	æktɐ	æk+tɐ
0.91	wending	vin digne	wɛndɪŋ	wɛ+ndɪŋ
0.91	reaming	rumine	ɹiːmɪŋ	ɹim+ɪŋ
0.909	shekel	séquelles	ʃɛkəl	ʃɛk+əl
0.909	peckers	pégase	pɛkəz	pɛk+əz
0.909	mission	mycènes	mɪʃən	mɪ+ʃən
0.909	boarded	bottines	bɔːdɪd	bɔd+ɪd
0.909	beading	meeting	biːdɪŋ	bi+dɪŋ
0.908	oozing	usine	uːzɪŋ	uz+ɪŋ
0.908	leafy	lisser	liːfi	li+fi
0.906	ridding	rient in	ɹɪdɪŋ	ɹɪ+dɪŋ
0.905	talkers	toquade	tɔːkəz	tɔk+əz
0.905	seaboard	chipote	siːbɔːd	si+bɔd
0.905	scram	scribe	skɹæm	skɹ+æm
0.905	passion	bichonne	pæʃən	pæ+ʃən
0.905	minas	minage	miːnəz	min+əz
0.905	jeers	djihad	dʒiəz	dʒi+əz
0.905	exam	exhibe	ɛɡzæm	ɛɡz+æm
0.905	betas	vitesse	biːtəz	bit+əz
0.905	beaters	vitesse	biːtəz	bit+əz
0.905	acted	accède	æktɪd	ækt+ɪd
0.903	bring	prennent	bɹɪŋ	bɹ+ɪŋ
0.903	anil	agnelle	ænɪl	æn+ɪl
0.902	sticks	sphinx	stɪks	stɪ+ks
0.902	sicken	cigogne	sɪkən	sɪ+kən
0.902	shedding	jet in	ʃɛdɪŋ	ʃɛ+dɪŋ
0.902	reeding	rétine	ɹiːdɪŋ	ɹi+dɪŋ
0.902	padding	patine	pædɪŋ	pæ+dɪŋ
0.902	dissing	dizaines	dɪsɪŋ	dɪs+ɪŋ
0.902	cording	comptine	kɔːdɪŋ	kɔ+dɪŋ
0.902	carding	cantine	kɑːdɪŋ	kɑ+dɪŋ
0.901	ninny	mini	nɪni	nɪ+ni
0.9	weeks	luxe	wiːks	wi+ks
0.899	wracking	ricaine	ɹækɪŋ	ɹæk+ɪŋ
0.899	racking	ricaine	ɹækɪŋ	ɹæk+ɪŋ
0.899	fording	fontaine	fɔːdɪŋ	fɔ+dɪŋ
0.899	dinky	tain qui	dɪŋki	dɪŋ+ki
0.897	kneading	meeting	niːdɪŋ	ni+dɪŋ
0.896	kneader	midi	niːdɐ	ni+dɐ
0.892	weeding	leasing	wiːdɪŋ	wi+dɪŋ
0.891	lection	lexème	lɛkʃən	lɛk+ʃən
0.89	dishy	déchu	dɪʃi	dɪ+ʃi
0.887	easing	usine	iːzɪŋ	iz+ɪŋ
0.887	cooing	couine	kuːɪŋ	ku+ɪŋ
0.886	tissue	tissu	tɪʃuː	tɪ+ʃu
0.886	nisi	niché	nɪsi	nɪ+si
0.886	eggers	écosse	ɛɡəz	ɛɡ+əz
0.886	amyl	habile	æmɪl	æm+ɪl
0.882	pecking	béguines	pɛkɪŋ	pɛk+ɪŋ
0.881	zigs	sexe	zɪɡz	zɪ+ɡz
0.881	wrecked	rixe	ɹɛkt	ɹɛ+kt
0.881	wracked	rixe	ɹækt	ɹæ+kt
0.881	titian	déchaîne	tɪʃən	tɪ+ʃən
0.881	span	speed	spæn	sp+æn
0.881	rucked	rixe	ɹʌkt	ɹʌ+kt
0.881	rags	rixe	ɹæɡz	ɹæ+ɡz
0.881	racked	rixe	ɹækt	ɹæ+kt
0.881	nippy	dépit	nɪpi	nɪ+pi
0.881	niffy	défi	nɪfi	nɪ+fi
0.881	lept	loft	lɛpt	lɛ+pt
0.881	leapt	loft	lɛpt	lɛ+pt
0.881	chough	ciao	tʃəʊ	tʃ+əʊ
0.881	chid	jet	tʃɪd	tʃ+ɪd
0.881	chess	jet	tʃɛs	tʃ+ɛs
0.881	bugs	box	bʌɡz	bʌ+ɡz
