en_phrase	fr_phrase	combo	coverage	fluency
Humpty Dumpty	un petit un petit	0.549	0.92	0.855
Humpty Dumpty sat on a wall	on petit on petits est on éole	0.521	0.90	0.513
Hickory dickory dock	écrit critiques	0.608	0.85	0.298
Jack and Jill	chicanes gin	0.519	0.91	0.068
Jack and Jill went up the hill	chacun des loin tapes oïl	0.488	0.86	0.263
little Jack Horner	lord licorne	0.580	0.85	0.356
twinkle twinkle little star	tien collent lin galloises tard	0.504	0.91	0.113
hey diddle diddle	était elles est elle	0.509	0.85	0.622
the cat and the fiddle	dégât ânes devait elle	0.528	1.00	0.250
rain rain go away	rien rien gauler	0.523	0.80	0.285
Jack be nimble	déclin un bile	0.529	0.92	0.352
old mother Hubbard	osent mes apte	0.469	0.82	0.239
little Miss Muffet	drôlement met êtes	0.489	0.92	0.342
Mary had a little lamb	méritait héliotrope	0.454	0.94	0.000
rock a bye baby	rentabilité	0.463	0.83	0.284
pat a cake pat a cake	peut équipement cake	0.551	0.81	0.307
of the	aux je	0.463	1.00	0.582
in the	un de	0.552	1.00	0.871
to the	tenait	0.626	1.00	0.333
to be	tapis	0.656	1.00	0.376
it was	toise	0.644	0.80	0.013
and the	n de	0.597	1.00	0.738
it is	heureuse	0.511	1.00	0.170
of his	avise	0.557	0.80	0.116
on the	on de	0.581	1.00	0.848
from the	frein de	0.674	1.00	0.550
at the	et de	0.524	1.00	0.964
by the	bas est	0.637	0.80	0.471
with the	ouais de	0.581	1.00	0.484
for the	fle	0.554	1.00	0.072
had been	et bine	0.534	0.83	0.360
that the	d de	0.498	1.00	0.784
he was	élise	0.523	0.80	0.154
that he	dédie	0.531	0.80	0.147
of my	aux ma	0.479	0.80	0.518
in his	un aise	0.531	0.80	0.477
he had	étendent	0.508	0.80	0.196
upon the	pan de	0.530	0.83	0.557
have been	aux bine	0.474	0.83	0.230
all the	hors est	0.496	1.00	0.478
the whale	javel	0.500	0.83	0.158
to me	demi	0.785	1.00	0.233
as the	aux de	0.482	1.00	0.667
one of	oisive	0.583	1.00	0.000
the same	ces aime	0.572	0.83	0.419
could not	con hâte	0.620	0.83	0.296
to his	dièse	0.507	0.80	0.097
did not	dit nattes	0.609	1.00	0.343
out of	arrive	0.637	0.80	0.459
she was	chieuse	0.605	0.80	0.009
and then	n donne	0.640	1.00	0.495
she had	chicane	0.595	1.00	0.118
in my	un ma	0.570	0.80	0.621
but the	bat de	0.612	1.00	0.484
do not	don hâte	0.640	1.00	0.335
there was	serveuse	0.577	1.00	0.202
there is	thérèse	0.526	1.00	0.273
was the	oies de	0.602	1.00	0.482
mr darcy	mettent dards et	0.564	1.00	0.323
is the	aux de	0.467	1.00	0.667
of this	aux vice	0.504	1.00	0.384
as to	osent ou	0.755	1.00	0.302
to her	tenait	0.621	1.00	0.333
you have	doivent	0.495	0.80	0.170
that it	ladite	0.514	1.00	0.233
and that	n date	0.573	1.00	0.487
was not	oies nattes	0.602	1.00	0.079
of it	évite	0.573	1.00	0.350
the first	dévaste	0.573	1.00	0.000
the most	chimiste	0.544	0.86	0.200
the ship	cegep	0.524	1.00	0.000
in this	haines ès	0.536	1.00	0.135
you are	hier	0.564	1.00	0.233
the sea	ceci	0.755	1.00	0.270
to my	thomas	0.652	0.80	0.170
as he	ascii	0.526	1.00	0.043
you will	yourte	0.554	0.80	0.000
would be	ouais pi	0.617	1.00	0.197
that she	litchi	0.690	1.00	0.000
that you	bayou	0.582	0.80	0.074
with his	vais aise	0.517	0.83	0.300
of all	envole	0.763	1.00	0.208
he is	crise	0.476	1.00	0.501
that is	baptise	0.520	1.00	0.080
to have	trêve	0.569	0.80	0.284
is not	n hâte	0.529	1.00	0.382
to see	ceci	0.770	1.00	0.270
and in	en dîne	0.566	1.00	0.351
if you	est roue	0.474	1.00	0.485
me to	met ou	0.772	1.00	0.504
of that	avenante	0.494	1.00	0.000
to him	terme	0.604	0.80	0.566
at last	athlète	0.596	0.83	0.313
over the	aux je	0.567	0.80	0.582
the whole	décolle	0.484	0.83	0.185
said he	saisi	0.737	0.80	0.233
would have	laid ève	0.518	0.83	0.324
as if	aux if	0.543	1.00	0.639
him to	aiment ou	0.749	0.80	0.302
must be	mat bis	0.658	1.00	0.128
my dear	madère	0.719	0.83	0.114
of their	ives air	0.619	1.00	0.290
when the	vin de	0.547	1.00	0.798
his own	ces aune	0.596	0.83	0.313
will be	libye	0.562	0.80	0.315
has been	aux bine	0.674	0.83	0.230
at all	idole	0.628	1.00	0.170
and his	en dise	0.552	0.83	0.767
and he	hindi	0.646	0.80	0.101
do you	doudou	0.763	1.00	0.164
it and	errante	0.461	0.80	0.024
me and	miles	0.542	0.80	0.296
but it	bénite	0.609	1.00	0.170
should be	choux pi	0.622	1.00	0.238
through the	trous est	0.524	1.00	0.483
and as	en dise	0.552	1.00	0.767
so that	sceaux hâte	0.673	0.83	0.171
which he	litchi	0.619	0.83	0.000
more than	maures aine	0.756	1.00	0.095
the room	brume	0.498	0.80	0.217
part of	partage	0.593	1.00	0.233
may be	méfie	0.728	0.80	0.237
and so	ânes saut	0.534	0.83	0.215
as it	hésite	0.573	1.00	0.380
in that	un date	0.531	1.00	0.519
of them	ives aime	0.619	1.00	0.157
in which	un lèche	0.509	0.83	0.435
it would	est ode	0.534	0.80	0.394
not to	notent ou	0.804	1.00	0.279
the door	laid ores	0.702	1.00	0.337
not be	nabis	0.733	0.80	0.000
of your	avère	0.531	0.80	0.336
sort of	sort ève	0.767	1.00	0.339
would not	laid nattes	0.609	1.00	0.261
chapter the	tchad de	0.621	1.00	0.525
the pequod	repêchage	0.485	0.88	0.217
had not	attenante	0.537	0.83	0.080
from his	frémir	0.575	0.86	0.095
mr collins	mettent calme	0.542	0.89	0.128
he has	hideuse	0.520	0.80	0.047
to make	tonique	0.588	0.83	0.164
mrs bennet	miss ben êtes	0.654	0.90	0.230
to you	bayou	0.633	1.00	0.074
seemed to	cimes doux	0.856	1.00	0.114
my own	marraine	0.652	0.83	0.212
so much	son aphtes	0.452	0.86	0.286
when he	lainé	0.547	0.80	0.018
to do	tatou	0.656	1.00	0.011
and to	aident tout	0.694	1.00	0.412
she could	chicos	0.711	1.00	0.000
be the	bidet	0.655	1.00	0.066
of him	abîme	0.533	0.80	0.170
will not	un hôte	0.481	0.83	0.508
the white	droite	0.553	0.83	0.270
the time	dont âme	0.606	0.83	0.405
the house	boccace	0.488	0.83	0.000
to say	tasser	0.653	0.80	0.062
might be	mat bis	0.758	0.83	0.128
and she	aident chie	0.694	1.00	0.202
they are	billard	0.500	1.00	0.217
with him	vies aime	0.512	0.83	0.340
was to	oies tout	0.717	1.00	0.354
the very	reverrez	0.655	1.00	0.000
and with	en douai	0.497	0.83	0.422
and when	en douanes	0.612	1.00	0.448
he would	élude	0.511	0.80	0.000
my father	mat hâte	0.600	0.83	0.128
if he	est qui	0.492	1.00	0.659
at least	et liste	0.770	1.00	0.634
and all	en bol	0.637	1.00	0.498
the great	regrette	0.642	0.86	0.399
among the	main de	0.500	0.83	0.767
it to	aident ou	0.670	1.00	0.358
this is	des aise	0.512	1.00	0.464
the last	ballast	0.579	1.00	0.053
on his	honnête	0.622	0.80	0.379
the matter	demeure	0.607	1.00	0.233
was in	oies aine	0.643	1.00	0.098
you must	cubiste	0.544	1.00	0.000
and was	ardoise	0.583	1.00	0.198
with her	ouais est	0.531	0.80	0.389
must have	mas taffe	0.599	0.86	0.125
the boat	sabotent	0.595	0.83	0.000
which the	laid je	0.477	0.83	0.580
and her	en de	0.473	0.80	0.760
you may	youpi	0.622	0.80	0.139
all this	hors ès	0.583	1.00	0.234
the sperm	dès pomme	0.509	1.00	0.329
all that	hors êtes	0.571	1.00	0.359
for it	forte	0.837	0.80	0.516
towards the	lords te	0.639	0.78	0.241
in their	un der	0.634	1.00	0.518
him in	hymen	0.557	0.80	0.080
what is	attise	0.536	0.80	0.078
who had	quad	0.511	0.80	0.154
and my	aident mailles	0.568	1.00	0.195
old man	osent man	0.572	0.86	0.458
lady catherine	les écot reine	0.559	0.91	0.328
about the	about de	0.648	0.86	0.766
that in	latine	0.526	1.00	0.348
as she	archi	0.625	1.00	0.202
and it	en dites	0.566	1.00	0.767
the two	dont ou	0.640	1.00	0.466
there are	terreur	0.577	1.00	0.323
but he	bâti	0.658	0.80	0.302
me that	mis hâte	0.696	1.00	0.262
his head	ces aide	0.596	0.83	0.374
of those	aphteuse	0.505	0.83	0.000
not the	nid de	0.582	1.00	0.548
in some	un sam	0.555	1.00	0.514
of an	aven	0.556	1.00	0.072
mr bingley	mettent bain glu	0.604	1.00	0.159
they had	décade	0.505	0.83	0.007
she is	chieuse	0.630	1.00	0.009
in all	idole	0.658	1.00	0.170
you would	yourte	0.590	0.80	0.000
and yet	en diète	0.795	1.00	0.425
of these	aux vise	0.605	1.00	0.427
we have	oisive	0.571	1.00	0.000
to it	tourte	0.621	1.00	0.045
you know	ion au	0.555	0.80	0.387
which was	laid joueuse	0.506	1.00	0.354
and there	n der	0.660	1.00	0.487
we are	lierre	0.498	1.00	0.106
before the	bords est	0.492	0.83	0.421
up and	aubade	0.500	0.80	0.000
as well	aux elle	0.613	0.80	0.530
to go	togo	0.652	0.80	0.242
against the	gaines fle	0.533	0.88	0.058
of its	évince	0.531	0.80	0.000
think that	sain quitte	0.472	0.86	0.353
to think	topique	0.518	0.83	0.018
down the	don de	0.607	0.83	0.767
and if	en tif	0.554	1.00	0.335
by his	baptise	0.684	0.83	0.080
let me	laid mis	0.821	1.00	0.442
that we	d oui	0.612	1.00	0.557
of what	aux votes	0.534	1.00	0.342
white whale	virtuelle	0.456	0.88	0.294
for her	forfait	0.679	1.00	0.367
was now	oies na	0.611	0.83	0.126
for his	foreuse	0.606	0.83	0.000
no more	non ores	0.710	0.83	0.295
as you	aux yeux	0.511	1.00	0.449
up to	aiment ou	0.637	1.00	0.302
his eyes	ces as	0.516	0.83	0.691
the case	secousse	0.571	0.83	0.170
after the	et de	0.475	0.80	0.964
but as	baptise	0.631	1.00	0.080
he could	liquide	0.565	1.00	0.405
enough to	net ou	0.586	0.83	0.352
and what	en watts	0.535	0.83	0.420
the deck	sénèque	0.583	1.00	0.170
in one	idoine	0.538	1.00	0.011
than the	vain de	0.514	1.00	0.657
the man	semaines	0.607	1.00	0.270
is to	usent ou	0.755	1.00	0.302
to this	taux ès	0.607	1.00	0.327
is it	hésite	0.558	1.00	0.380
like the	lacs est	0.618	0.83	0.453
you to	youpi	0.618	1.00	0.139
which had	laid jade	0.510	0.86	0.344
it had	est aide	0.543	0.80	0.439
the day	ledit	0.531	0.80	0.206
the next	connecte	0.612	0.86	0.200
it may	est mes	0.543	0.80	0.543
it in	urine	0.543	1.00	0.246
of course	aux corse	0.565	1.00	0.361
to know	tenez	0.743	0.80	0.170
have no	avenir	0.491	0.83	0.516
soon as	soumise	0.696	1.00	0.323
all his	osseuse	0.586	0.80	0.196
the captain	équipent aine	0.540	0.88	0.039
and at	en date	0.564	1.00	0.509
with me	ouais mis	0.696	1.00	0.262
at his	attise	0.557	0.80	0.078
come to	khan tout	0.725	1.00	0.401
man who	main ou	0.664	0.80	0.467
in it	hittite	0.541	1.00	0.000
that his	baptise	0.514	0.83	0.080
able to	étalent ou	0.713	0.86	0.261
and now	ânes na	0.534	0.83	0.125
could be	con pi	0.634	1.00	0.365
of our	avare	0.531	1.00	0.170
of some	aux femme	0.522	1.00	0.440
that there	dates air	0.593	1.00	0.428
and though	n deux	0.486	0.83	0.611
the morning	don hormone	0.526	1.00	0.334
for ever	force	0.646	0.80	0.512
and by	ânes bas	0.534	0.83	0.207
you can	rouquine	0.601	1.00	0.028
her sister	insiste	0.616	0.83	0.342
does not	des nattes	0.602	1.00	0.353
if it	hittite	0.555	1.00	0.000
mr bennet	mettent ben êtes	0.746	1.00	0.209
my friend	mat reste	0.608	0.88	0.248
me the	misait	0.655	1.00	0.000
at once	étoile	0.509	0.83	0.397
the rest	oreste	0.734	0.83	0.078
is that	aises hâte	0.502	1.00	0.074
the sun	dessine	0.524	1.00	0.292
that of	chétive	0.512	1.00	0.000
think of	sain cave	0.525	1.00	0.302
began to	béguin tout	0.666	1.00	0.319
that this	dates ès	0.512	1.00	0.218
not have	native	0.619	0.83	0.379
her to	fait ou	0.611	1.00	0.492
with an	ouais âne	0.619	1.00	0.181
as much	aux match	0.578	1.00	0.442
from my	frein ma	0.677	0.86	0.401
me in	mienne	0.660	1.00	0.170
the more	gomorrhe	0.661	1.00	0.001
say that	ses êtes	0.683	0.83	0.460
and of	en douves	0.540	1.00	0.348
her own	sereine	0.509	0.83	0.191
know that	nos êtes	0.683	0.83	0.411
down to	donnent ou	0.772	0.83	0.352
he said	et aide	0.643	0.80	0.491
the water	dehors	0.625	0.80	0.516
them and	demande	0.535	0.83	0.233
when she	vain chie	0.662	1.00	0.319
such an	saut chaîne	0.596	1.00	0.377
miss bingley	mis bain glu	0.561	1.00	0.248
his face	quais fesses	0.487	0.86	0.177
in an	un n	0.552	1.00	0.668
round the	ratent de	0.639	0.86	0.441
that was	d vases	0.502	1.00	0.533
and we	aident oui	0.694	1.00	0.313
as we	aux ouïes	0.755	1.00	0.207
you and	yourte	0.538	0.80	0.000
we shall	michel	0.560	1.00	0.512
me with	milice	0.601	1.00	0.258
the present	après aine	0.592	0.78	0.280
it will	toile	0.608	0.80	0.233
the only	lyon lie	0.585	0.86	0.415
there were	servait	0.516	1.00	0.233
the air	tiers	0.626	1.00	0.170
came to	con tout	0.685	0.83	0.524
in him	un hem	0.552	0.80	0.487
moby dick	maudit hic	0.632	0.88	0.195
for my	format	0.885	0.83	0.424
not know	mat nos	0.618	0.83	0.269
of mr	aux veste	0.563	1.00	0.408
any other	un yen	0.496	1.00	0.464
with all	idole	0.615	0.80	0.170
was no	oies nos	0.611	0.83	0.267
am sure	en chair	0.531	1.00	0.601
the night	tenante	0.600	0.83	0.089
no doubt	nos out	0.657	0.86	0.559
some of	son ève	0.586	1.00	0.420
be in	bienne	0.660	1.00	0.060
to give	taxe	0.488	0.80	0.420
shall be	dolby	0.643	1.00	0.064
and not	n date	0.583	1.00	0.487
not so	mat saut	0.618	0.83	0.217
them to	aiment ou	0.799	0.80	0.302
side of	salive	0.671	0.83	0.200
but she	but chie	0.786	1.00	0.510
but that	bêtes êtes	0.602	1.00	0.355
should have	chétive	0.574	0.83	0.000
that my	d ma	0.514	0.83	0.635
for me	former	0.821	1.00	0.505
is no	n au	0.530	0.80	0.614
it were	est ouais	0.570	1.00	0.389
she would	chili	0.588	0.80	0.317
but in	bottines	0.633	1.00	0.101
is very	aux verrez	0.568	1.00	0.361
said she	sait chie	0.826	1.00	0.235
you see	roussi	0.748	1.00	0.000
and you	en sioux	0.631	1.00	0.370
the best	déteste	0.640	1.00	0.430
as soon	aces une	0.536	1.00	0.381
was very	oies verrez	0.652	1.00	0.176
to that	tenante	0.673	1.00	0.089
at first	et veste	0.596	1.00	0.538
or the	hors est	0.655	1.00	0.478
to get	baguette	0.685	1.00	0.270
between the	bien de	0.560	0.86	0.840
not only	d on lie	0.564	0.88	0.635
up in	épines	0.573	1.00	0.179
what he	loti	0.547	0.80	0.095
are not	en hâte	0.551	0.80	0.767
young man	ion man	0.612	1.00	0.485
he did	et ides	0.628	0.80	0.386
at length	athlète	0.549	0.83	0.313
for some	fort âme	0.770	1.00	0.406
under the	n de	0.605	1.00	0.738
to speak	tous pique	0.817	1.00	0.420
my heart	marquantes	0.610	0.86	0.122
some time	savent âme	0.650	0.86	0.393
was so	oies saut	0.611	0.83	0.216
did you	doudou	0.619	0.80	0.164
upon his	otan aise	0.516	0.86	0.264
were the	oiseaux	0.511	1.00	0.270
if the	est de	0.497	1.00	0.817
but to	battent ou	0.821	1.00	0.377
it as	heureuse	0.526	1.00	0.170
it has	est aise	0.543	0.80	0.452
of such	aux sache	0.473	0.83	0.311
this was	niçoise	0.585	1.00	0.072
which she	litchi	0.638	0.83	0.000
the head	tiède	0.586	0.80	0.200
we had	viande	0.509	0.80	0.424
who was	houleuse	0.535	0.80	0.037
to their	taux air	0.702	1.00	0.537
tell me	tellement	0.780	1.00	0.574
but you	bayou	0.724	0.80	0.074
on my	on ma	0.600	0.80	0.699
and they	n d	0.498	0.83	0.683
when you	vain ou	0.547	0.80	0.475
it but	est battent	0.533	1.00	0.464
the subject	des abject	0.636	0.90	0.451
on her	on que	0.455	1.00	0.774
had the	en de	0.525	0.80	0.760
in your	ignore	0.645	0.80	0.170
for him	forum	0.606	0.83	0.170
in its	hertz	0.596	0.80	0.074
no one	neuvaine	0.607	0.83	0.000
to find	t hard	0.537	0.86	0.480
which is	laid chaise	0.525	1.00	0.428
when they	veines et	0.533	0.83	0.441
during the	terrain de	0.487	0.88	0.660
in such	on patch	0.570	1.00	0.542
him but	un battent	0.519	0.83	0.489
of being	aux bine	0.468	0.83	0.230
him as	émises	0.531	0.80	0.219
are you	aria	0.533	1.00	0.416
and this	n dix	0.574	1.00	0.514
that had	détendent	0.512	0.83	0.000
where the	verge	0.536	0.80	0.333
mr holmes	mais poème	0.472	0.78	0.444
out the	art de	0.571	1.00	0.767
to all	toile	0.611	1.00	0.233
to take	t hic	0.680	0.83	0.366
and more	aident maures	0.742	1.00	0.179
be so	bis au	0.864	0.80	0.359
with you	ouais yeux	0.512	1.00	0.266
for you	feriez	0.607	1.00	0.177
much as	mat chaise	0.685	1.00	0.248
to your	théière	0.628	1.00	0.066
the three	laiterie	0.595	1.00	0.091
while the	watts est	0.571	0.83	0.406
said the	sait de	0.802	1.00	0.572
well as	élise	0.524	0.80	0.154
to them	taux aime	0.702	1.00	0.404
is in	usine	0.543	1.00	0.443
at that	athlète	0.519	1.00	0.313
let us	laid as	0.726	1.00	0.675
that if	datif	0.538	1.00	0.000
he might	pimente	0.576	0.83	0.000
look at	layette	0.568	1.00	0.000
too much	toubib	0.521	0.83	0.097
elizabeth was	les aimait oses	0.525	0.90	0.384
with their	ouais der	0.647	1.00	0.232
mr wickham	mais dégomme	0.515	0.89	0.262
it seemed	est cime	0.597	0.83	0.355
the right	baratte	0.589	0.83	0.000
end of	n ève	0.720	1.00	0.398
him the	un de	0.511	0.80	0.871
as for	effort	0.717	0.80	0.518
with such	les sache	0.461	0.86	0.418
miss bennet	mis ben êtes	0.701	1.00	0.298
can be	khan pi	0.655	1.00	0.243
sight of	salive	0.659	0.83	0.200
but there	bêtes air	0.682	1.00	0.439
again and	gain hard	0.496	0.86	0.414
not been	mat bine	0.605	1.00	0.047
but when	bedaine	0.683	0.83	0.000
full of	fleuve	0.632	0.80	0.170
once more	watts maures	0.709	1.00	0.139
and for	aident for	0.742	1.00	0.553
should not	choux nattes	0.609	1.00	0.120
he must	chimiste	0.650	1.00	0.200
have you	avion	0.519	0.80	0.497
they have	dérive	0.491	0.83	0.311
he should	égide	0.519	0.80	0.227
from her	frémit	0.604	0.83	0.170
to come	totem	0.574	1.00	0.152
the long	selon	0.540	0.80	0.316
upon my	otan ma	0.527	0.86	0.408
wish to	lèchent ou	0.718	1.00	0.215
all these	elles use	0.516	1.00	0.444
on this	hommes ès	0.601	1.00	0.312
at this	êtes ès	0.524	1.00	0.288
the wind	david	0.467	0.83	0.233
with it	ouest	0.608	0.80	0.526
by no	bardot	0.587	0.83	0.133
for all	vérole	0.702	1.00	0.030
could have	con ève	0.607	0.83	0.311
see that	civette	0.685	1.00	0.000
was that	oies date	0.578	1.00	0.231
now and	naïade	0.648	0.83	0.000
he will	civil	0.520	1.00	0.369
head and	est hard	0.492	0.83	0.521
the little	générale	0.474	1.00	0.533
but if	but if	0.609	1.00	0.921
or two	orties	0.755	1.00	0.114
am not	en nattes	0.540	1.00	0.356
idea of	habillage	0.458	0.86	0.120
with my	ouais ma	0.590	0.83	0.335
of us	efface	0.555	1.00	0.233
going to	craignent ou	0.527	0.86	0.335
it must	est postent	0.576	1.00	0.384
him that	aimes êtes	0.517	0.83	0.410
which you	laid sioux	0.587	1.00	0.274
away from	avait ram	0.482	0.88	0.392
saw the	sonnets	0.626	1.00	0.233
point of	pain savent	0.593	0.86	0.436
the fire	sofa	0.517	0.80	0.396
him he	chimie	0.515	0.80	0.369
the end	géhenne	0.506	0.80	0.000
have not	avenante	0.621	0.83	0.000
see the	sida	0.641	1.00	0.321
for that	fors hâte	0.744	1.00	0.035
of life	aux light	0.498	1.00	0.555
instead of	un sait ève	0.572	0.88	0.374
and on	en donne	0.758	1.00	0.798
was at	oies êtes	0.631	1.00	0.269
it not	est nattes	0.539	1.00	0.342
time to	tapent ou	0.772	0.83	0.310
my eyes	malaise	0.644	0.83	0.327
an old	en horde	0.511	0.83	0.420
captain ahab	campent énéide	0.577	0.82	0.061
seem to	signent ou	0.755	1.00	0.313
very much	verrouillage	0.573	0.88	0.145
his wife	quais watts	0.573	0.86	0.193
of any	assaini	0.696	1.00	0.000
the line	relate	0.559	0.83	0.476
as in	assène	0.555	1.00	0.060
were to	vont ou	0.645	1.00	0.365
it all	idole	0.645	1.00	0.170
an hour	anar	0.527	1.00	0.000
were not	vain hâte	0.553	1.00	0.301
by her	baquet	0.622	0.80	0.062
the country	chacun tri	0.630	1.00	0.328
is this	aides ès	0.512	1.00	0.260
heard of	est ève	0.540	0.80	0.405
me as	moïse	0.611	1.00	0.170
on board	on borde	0.646	1.00	0.485
of one	avoine	0.643	1.00	0.170
the greatest	congressistes	0.536	0.90	0.001
thought of	saut ève	0.535	1.00	0.232
the window	david au	0.468	0.88	0.391
the name	denim	0.618	0.83	0.034
the cabin	jacobine	0.496	1.00	0.000
no means	nominer	0.702	0.86	0.000
but this	bêtes ès	0.601	1.00	0.229
know what	navette	0.595	0.83	0.271
to hear	tenir	0.686	1.00	0.270
you were	yoyo	0.481	1.00	0.076
was only	les on lie	0.595	0.88	0.628
what do	watt ou	0.632	1.00	0.282
me but	minette	0.681	1.00	0.089
the side	façade	0.577	0.83	0.338
whale and	lézarde	0.471	0.86	0.000
man and	main hard	0.597	1.00	0.425
who is	cuisent	0.528	1.00	0.000
said that	sait date	0.747	1.00	0.321
an instant	in stand	0.579	0.78	0.676
but his	baptise	0.626	0.83	0.080
the family	d en lie	0.524	0.88	0.681
of you	avion	0.526	1.00	0.497
the table	dont épaule	0.558	0.88	0.389
along the	alun de	0.522	1.00	0.409
and had	en zad	0.531	0.83	0.374
the one	devine	0.516	1.00	0.263
it for	est fort	0.727	1.00	0.798
you had	yourte	0.581	0.80	0.000
room and	roumaine	0.680	0.83	0.202
is an	usine	0.526	1.00	0.443
you think	ionique	0.503	0.83	0.087
nothing but	matin battent	0.497	1.00	0.234
no longer	neuronaux	0.480	0.86	0.000
mrs gardiner	miss garent aine	0.541	0.91	0.046
account of	incarnent ève	0.615	1.00	0.122
man of	main ève	0.643	1.00	0.308
for an	freine	0.785	1.00	0.175
way to	veut ou	0.642	0.80	0.397
in any	un henni	0.749	1.00	0.294
with which	ouais ouest	0.486	1.00	0.306
and after	en aphtes	0.612	0.83	0.285
it the	est de	0.524	1.00	0.817
about it	about êtes	0.654	0.86	0.553
to tell	tant elle	0.792	1.00	0.488
it that	êtes êtes	0.531	1.00	0.413
to us	traces	0.618	1.00	0.437
may have	missive	0.596	0.83	0.099
tell you	ailier	0.600	0.80	0.242
by some	bas âme	0.707	0.83	0.322
back to	piquent ou	0.714	1.00	0.285
and mrs	en mais aise	0.511	0.88	0.492
what was	vaudoise	0.530	1.00	0.047
to look	talc	0.632	0.80	0.055
that when	châtelaine	0.587	1.00	0.022
it it	irrite	0.575	1.00	0.137
the stranger	des train d	0.462	0.90	0.563
had never	un ève	0.690	0.83	0.429
go to	gadoue	0.637	0.80	0.000
but what	but watts	0.681	1.00	0.508
the ground	dégradé	0.519	0.88	0.237
it seems	est cime	0.592	0.83	0.355
but not	but nattes	0.670	1.00	0.444
with them	ouais gemmes	0.647	1.00	0.097
to mr	tapette	0.567	0.83	0.135
so many	son henni	0.753	0.86	0.285
found that	fan date	0.698	0.88	0.306
spite of	sportive	0.614	1.00	0.348
kind of	cannes ève	0.668	0.86	0.193
all my	allemagne	0.571	1.00	0.333
have seen	aux fine	0.589	0.83	0.516
the body	rebâti	0.578	1.00	0.000
any of	un ive	0.573	0.80	0.416
to any	tournis	0.675	1.00	0.053
we must	limite	0.589	0.83	0.497
the latter	relire	0.583	1.00	0.273
the place	replace	0.631	0.86	0.316
is all	isole	0.787	1.00	0.160
so far	saut are	0.700	0.83	0.557
far as	foreuse	0.613	1.00	0.000
upon me	pan mis	0.634	0.83	0.335
knew that	nous êtes	0.702	1.00	0.508
seems to	cimes ou	0.856	0.83	0.256
she has	chieuse	0.626	0.80	0.009
the letter	blair	0.691	0.80	0.233
her husband	hais benêt	0.496	0.78	0.102
to one	talonne	0.600	1.00	0.000
from that	frein date	0.643	1.00	0.299
you that	yeux êtes	0.583	1.00	0.409
to which	taloche	0.560	0.83	0.000
in our	un aï	0.514	1.00	0.324
hand and	en tilde	0.513	0.86	0.285
and every	en rêverie	0.732	1.00	0.366
the light	relate	0.671	0.83	0.476
after all	et folle	0.593	0.83	0.441
she did	chez ides	0.704	1.00	0.237
ought to	ont tout	0.678	1.00	0.767
that all	désole	0.595	1.00	0.198
by this	bas ès	0.695	0.83	0.227
see him	siam	0.602	0.80	0.135
were in	lorraine	0.528	1.00	0.355
were all	vérole	0.706	1.00	0.030
of me	admis	0.618	1.00	0.371
from him	fredonne	0.531	0.86	0.000
down in	don n	0.619	0.83	0.590
whale is	valises	0.523	0.83	0.258
if she	est chie	0.637	1.00	0.408
is so	s au	0.530	0.80	0.702
not in	matines	0.538	1.00	0.000
just as	des thèse	0.554	0.86	0.518
your own	ronronne	0.501	0.83	0.020
upon it	pan êtes	0.540	0.83	0.344
few minutes	poumon hisse	0.542	0.78	0.147
and from	en frime	0.588	0.86	0.324
them in	démène	0.538	1.00	0.022
out to	hantent ou	0.750	0.80	0.255
at my	et ma	0.543	0.80	0.830
there and	terrine	0.496	0.83	0.045
it so	est saut	0.543	0.80	0.479
mast head	mes cède	0.673	0.86	0.341
was an	oies âne	0.643	1.00	0.179
to elizabeth	tels abaisse	0.497	0.89	0.275
entered the	n te	0.748	0.83	0.464
you do	doudou	0.763	1.00	0.164
only to	on lient ou	0.777	0.86	0.473
my life	malaxe	0.627	0.86	0.000
then the	sain de	0.531	1.00	0.564
as possible	aux pas belle	0.481	1.00	0.507
at home	et tome	0.549	0.83	0.767
what you	vaudou	0.514	0.80	0.129
and down	ânes dan	0.689	0.86	0.227
over his	aux caisse	0.464	0.83	0.440
into his	un treize	0.499	0.86	0.490
side and	sardines	0.559	0.86	0.152
and even	en divine	0.664	1.00	0.509
not at	natif	0.529	1.00	0.260
be sure	bichonne	0.690	1.00	0.000
on that	hommes hâte	0.575	1.00	0.295
that mr	d piste	0.551	1.00	0.568
as his	assises	0.545	0.80	0.319
saw him	poème	0.513	0.80	0.346
across the	écrans de	0.567	1.00	0.565
me for	met or	0.703	1.00	0.657
but at	battante	0.625	1.00	0.120
such as	saut chaise	0.606	1.00	0.337
the lady	gelées et	0.584	0.86	0.434
we may	limer	0.657	0.80	0.000
it might	est mate	0.636	0.83	0.506
for he	forcé	0.702	1.00	0.380
to our	trahi	0.488	1.00	0.269
with some	ouais sam	0.580	1.00	0.228
in order	un horde	0.749	1.00	0.430
in these	un disent	0.634	1.00	0.445
be of	brave	0.618	1.00	0.473
off the	offrait	0.611	1.00	0.235
but one	bédouine	0.603	1.00	0.000
the crew	écrou	0.684	0.80	0.093
his friend	quais freine	0.607	0.88	0.179
what she	litchi	0.706	1.00	0.000
but with	baptise	0.511	0.83	0.080
him for	un fort	0.695	0.83	0.767
is as	hideuse	0.528	1.00	0.047
the least	soliste	0.736	1.00	0.112
to whom	terme	0.592	0.80	0.566
sir william	sahélienne	0.541	0.88	0.000
said elizabeth	sait laids obèse	0.564	1.00	0.149
think it	sain quitte	0.526	1.00	0.353
you not	ion hâte	0.640	1.00	0.156
shall not	charmante	0.559	1.00	0.233
as this	agisse	0.501	0.80	0.304
time and	taïwan	0.523	0.86	0.198
in every	rêverie	0.746	0.83	0.093
it he	est chie	0.522	1.00	0.408
been the	bain de	0.646	1.00	0.615
on to	on tout	0.722	1.00	0.720
then he	génie	0.545	0.80	0.233
in front	un fret	0.576	0.86	0.445
at times	et table	0.484	0.86	0.670
of man	haussmann	0.518	1.00	0.108
at any	ironie	0.607	1.00	0.309
that one	dédouane	0.522	1.00	0.000
and mr	en piste	0.573	0.86	0.544
can you	caillou	0.706	0.80	0.170
now the	nageait	0.637	0.80	0.233
obliged to	obligent doux	0.592	0.80	0.175
cannot be	khan habit	0.675	0.86	0.312
far from	fard ram	0.581	1.00	0.140
way of	arrive	0.467	0.80	0.459
was still	oies style	0.653	1.00	0.294
not yet	assiette	0.660	0.83	0.332
the scene	dessine	0.714	1.00	0.292
which it	laid gîte	0.522	1.00	0.315
so as	saura	0.583	0.80	0.170
was it	oies êtes	0.643	1.00	0.269
course of	coursive	0.675	1.00	0.000
beneath the	but de	0.552	0.83	0.767
no no	non hais	0.554	0.83	0.320
like to	lâchent ou	0.742	0.83	0.298
but now	but na	0.683	0.83	0.492
but my	but ma	0.683	0.83	0.699
where he	vernis	0.594	1.00	0.281
to what	pelotes	0.522	1.00	0.000
and said	en cède	0.706	0.83	0.464
very well	verbal	0.658	0.86	0.170
in vain	un veine	0.557	0.83	0.467
be seen	piscine	0.821	1.00	0.403
as that	âges hâte	0.500	1.00	0.199
within the	vilain de	0.494	1.00	0.547
to an	tienne	0.611	1.00	0.334
what it	ouest	0.617	0.80	0.526
front of	freinent ève	0.729	1.00	0.083
now that	navette	0.665	0.83	0.271
heard the	ont de	0.528	0.80	0.647
the devil	laid eiffel	0.574	1.00	0.359
for this	forte	0.670	0.83	0.516
has not	n hâte	0.522	0.83	0.382
been so	ben saut	0.719	0.83	0.217
himself to	un scellent tout	0.668	0.89	0.375
to morrow	ton haro	0.603	0.86	0.161
he seemed	piscine	0.548	0.83	0.403
order to	hors doux	0.830	1.00	0.248
used to	yeux tout	0.652	0.83	0.494
it be	est pi	0.539	1.00	0.459
this time	dissent âme	0.672	0.86	0.241
all their	hors air	0.679	1.00	0.444
could see	con si	0.737	1.00	0.515
went to	ouest ou	0.742	1.00	0.480
the bottom	gendarmes	0.466	0.86	0.479
in those	haines oses	0.541	0.83	0.138
the main	semaines	0.608	0.83	0.270
the mast	chimiste	0.563	1.00	0.200
the others	dièse	0.464	0.80	0.097
more of	moroses	0.708	1.00	0.000
for one	foraine	0.606	0.83	0.131
been in	bain n	0.676	1.00	0.514
what the	watts est	0.536	1.00	0.406
told me	tôles mis	0.754	0.86	0.219
with one	idoine	0.511	0.83	0.011
in general	n jeun râle	0.611	1.00	0.279
are all	idole	0.606	1.00	0.170
the business	zombies noce	0.488	1.00	0.162
at present	et près êtes	0.660	0.89	0.467
with your	lisière	0.514	1.00	0.160
the sight	ressentent	0.576	0.83	0.196
before he	euphorie	0.651	0.83	0.166
appeared to	perdent ou	0.725	0.86	0.387
still more	stellaire	0.605	0.86	0.137
and your	en tiers	0.542	1.00	0.404
by my	bâillement	0.616	0.83	0.000
the truth	laid route	0.502	1.00	0.425
when we	un ouïes	0.716	0.80	0.310
less than	laisses aine	0.756	1.00	0.149
was of	oies ève	0.640	1.00	0.141
have done	caves âne	0.502	1.00	0.281
the point	reporte	0.611	0.86	0.135
the town	dont âne	0.606	0.83	0.345
one side	vain sarde	0.578	1.00	0.247
down and	don halte	0.492	0.86	0.386
the men	semaines	0.798	1.00	0.270
sea and	suède	0.583	0.80	0.170
much more	mot spores	0.691	1.00	0.196
those who	lors ou	0.493	0.83	0.540
and no	ânes nos	0.534	0.83	0.266
as an	aux âne	0.540	1.00	0.364
de bourgh	debout	0.640	0.80	0.170
years ago	rires ego	0.581	0.88	0.260
in love	un lave	0.555	1.00	0.414
rest of	rester	0.727	0.83	0.296
all of	hollande	0.596	1.00	0.296
will you	loulou	0.499	0.80	0.160
to leave	olive	0.715	0.80	0.316
unable to	on épaulent ou	0.666	0.89	0.387
be very	bis errer	0.670	1.00	0.106
at it	hérite	0.573	1.00	0.164
she saw	chies au	0.673	1.00	0.279
but no	but nos	0.683	0.83	0.633
to keep	équipe	0.715	0.80	0.627
on one	on vannes	0.559	1.00	0.548
so long	soleil	0.582	0.83	0.270
and have	en bave	0.526	0.83	0.403
you could	youpi	0.561	0.80	0.139
life and	larsen	0.541	0.86	0.085
out in	athènes	0.667	0.80	0.311
is but	esthète	0.503	1.00	0.003
from it	frémit	0.607	0.83	0.170
name of	nénette	0.544	0.83	0.000
down into	tanin tout	0.476	0.88	0.261
out and	attarde	0.594	0.83	0.147
which in	laid chine	0.527	1.00	0.308
take the	tiques est	0.529	0.83	0.373
miss darcy	miss archi	0.569	1.00	0.176
eyes and	hais andes	0.533	0.83	0.167
their own	terrine	0.582	0.83	0.045
he came	chicane	0.470	0.83	0.118
assure you	chariot	0.484	0.83	0.170
me on	mienne	0.645	1.00	0.170
acquainted with	inclinent douai	0.506	0.82	0.104
young lady	ion ledit	0.643	0.88	0.174
return to	rhin tout	0.712	0.83	0.444
who have	suave	0.523	0.80	0.093
and who	en doux	0.573	0.80	0.436
not that	nantes ente	0.599	1.00	0.186
only one	on lichens	0.536	0.88	0.492
elizabeth had	les aimait aide	0.530	0.90	0.404
near the	nerfs est	0.536	1.00	0.421
my sister	maoïste	0.729	0.86	0.049
more and	moraine	0.680	0.83	0.016
power to	partout	0.790	1.00	0.388
be it	béate	0.626	1.00	0.000
all over	hollande	0.563	0.80	0.296
the middle	demain elle	0.649	1.00	0.410
from which	frein ouest	0.538	1.00	0.373
head of	est ève	0.552	0.80	0.405
st simon	cet semaines	0.654	0.90	0.334
man in	main n	0.646	1.00	0.548
sense of	saines ève	0.763	1.00	0.159
who has	toise	0.516	0.80	0.013
at one	antoine	0.625	1.00	0.347
which are	laid char	0.530	1.00	0.380
at such	et patch	0.581	1.00	0.491
day and	décade	0.606	0.83	0.007
the ladies	gelées use	0.628	0.88	0.328
much to	mâchent ou	0.770	0.83	0.176
for your	formèrent	0.714	1.00	0.066
till the	tilde	0.549	0.80	0.000
him at	imite	0.545	0.80	0.187
so it	souhaite	0.637	0.80	0.270
she will	chiale	0.581	0.80	0.141
take it	tapette	0.571	0.83	0.135
him from	un frime	0.579	0.86	0.334
though he	jaillit	0.498	0.80	0.103
the king	secouent	0.469	0.80	0.045
it out	gratte	0.593	0.80	0.281
on which	on kitsch	0.586	1.00	0.457
as far	avare	0.517	0.80	0.170
for their	fors air	0.837	1.00	0.262
of men	aux mène	0.676	1.00	0.399
night and	bâtarde	0.472	0.86	0.170
endeavoured to	n s tout	0.677	1.00	0.665
had ever	et ève	0.638	0.80	0.456
thought that	sont date	0.498	1.00	0.421
round and	rendent halte	0.520	0.88	0.294
that for	d for	0.673	1.00	0.797
the police	démolissent	0.611	1.00	0.000
ship and	chamade	0.529	0.83	0.011
not very	mat verrez	0.653	1.00	0.178
be found	but hard	0.556	0.86	0.624
likely to	laïcité	0.558	0.88	0.336
must not	mat nattes	0.678	1.00	0.080
that no	d nos	0.514	0.83	0.569
want to	votent tout	0.660	1.00	0.403
are to	eurent ou	0.718	1.00	0.352
and therefore	n gèrent ores	0.597	1.00	0.312
if we	est ouïes	0.654	1.00	0.285
looked at	lactée	0.576	0.83	0.143
up with	appoint	0.519	0.80	0.170
was as	oies aise	0.631	1.00	0.189
in spite	un sparte	0.652	1.00	0.399
and which	in kitsch	0.484	1.00	0.492
which would	laid chouette	0.512	1.00	0.392
from their	frein der	0.718	1.00	0.298
which we	laid jouit	0.596	1.00	0.343
they will	civil	0.499	0.83	0.369
it from	est frime	0.596	1.00	0.309
the carriage	requérir	0.452	0.88	0.070
them but	vain battent	0.507	1.00	0.376
with this	ouais dix	0.562	1.00	0.259
his sister	aux zeste	0.568	0.86	0.268
thank you	tan coup	0.511	0.83	0.254
sat down	cent dan	0.672	0.86	0.387
from me	frein mis	0.770	1.00	0.328
resolved to	salves doux	0.628	0.88	0.097
returned to	raid tout	0.714	0.86	0.418
from this	frein dix	0.644	1.00	0.326
into my	un thomas	0.532	0.86	0.414
the deep	laid hip	0.702	1.00	0.308
george allen	lord jalonnent	0.653	0.90	0.272
though it	poète	0.497	0.80	0.392
the word	géode	0.498	0.80	0.000
you the	youpi	0.588	1.00	0.139
this morning	dit morne	0.586	0.78	0.381
every day	aux rider	0.614	0.86	0.392
nothing to	naviguent ou	0.617	1.00	0.243
had seen	et dîne	0.619	0.83	0.388
and were	en douai	0.552	1.00	0.422
when it	ouest	0.687	0.80	0.526
this way	déçoit	0.505	0.83	0.152
had taken	aident école	0.559	0.78	0.184
is of	aux ève	0.522	1.00	0.326
you said	yeux aide	0.702	1.00	0.316
felt that	celtes êtes	0.636	1.00	0.260
since the	saines ce	0.667	1.00	0.399
is my	émail	0.500	0.80	0.152
appearance of	éperon savent	0.528	0.89	0.280
according to	écart un tout	0.555	1.00	0.533
before him	intérim	0.457	0.86	0.277
means of	mines ève	0.845	1.00	0.206
my uncle	maillon quel	0.630	1.00	0.260
the living	gelais aine	0.497	1.00	0.019
believe that	blés jatte	0.607	1.00	0.013
of old	aborde	0.484	0.83	0.233
which were	laid choix	0.515	1.00	0.308
and let	en blettes	0.693	1.00	0.283
have to	savent ou	0.702	1.00	0.454
the top	retape	0.601	1.00	0.001
he cried	dégrade	0.581	0.86	0.183
mast heads	mes cèdre	0.559	0.88	0.257
on deck	on teck	0.670	1.00	0.431
by george	bat georges	0.765	0.78	0.160
dare say	bercé	0.701	0.83	0.099
want of	on savent	0.526	0.83	0.644
many of	main ève	0.635	0.83	0.308
no other	noël	0.515	0.80	0.480
the moment	demain êtes	0.520	0.78	0.334
to and	tilde	0.596	0.80	0.000
much the	matchs est	0.603	1.00	0.541
who would	ovide	0.499	0.80	0.170
in what	un watts	0.619	1.00	0.430
he never	un ève	0.713	0.80	0.429
wished to	lèchent tout	0.676	1.00	0.269
all and	hollande	0.758	0.80	0.296
was all	isole	0.716	0.80	0.160
he asked	kiosque	0.463	0.83	0.210
not help	nid elbe	0.572	0.86	0.175
but they	bêtes et	0.538	0.83	0.525
do it	diète	0.611	1.00	0.212
by an	baronne	0.659	1.00	0.388
more to	meurent ou	0.810	1.00	0.302
by all	bagnole	0.742	1.00	0.242
known to	notent ou	0.772	0.83	0.279
was too	oies tout	0.717	1.00	0.354
before you	biniou	0.615	0.83	0.000
will have	oisive	0.555	0.83	0.000
her that	aux êtes	0.507	0.80	0.453
in london	un lin donne	0.531	1.00	0.421
from all	frivole	0.726	1.00	0.064
they would	tolède	0.482	0.83	0.112
her in	arène	0.543	0.80	0.256
is now	etna	0.531	0.80	0.055
said to	cèdent ou	1.000	1.00	0.285
tried to	trahis tout	0.799	1.00	0.366
be done	bibine	0.719	1.00	0.000
state of	tsf	0.498	0.86	0.000
found in	fan n	0.673	0.86	0.456
capable of	québécoise	0.503	0.80	0.365
now in	narines	0.697	1.00	0.175
this matter	dits mare	0.511	1.00	0.249
cause of	cons ève	0.640	1.00	0.257
one and	en hard	0.491	0.83	0.535
before me	parmi	0.654	0.83	0.333
me from	met ram	0.579	1.00	0.371
with that	ouais date	0.560	1.00	0.233
the dead	laid aide	0.725	1.00	0.358
to some	taux âme	0.619	1.00	0.422
by any	bâillon et	0.604	1.00	0.386
and one	en douanes	0.631	1.00	0.448
them the	gemmes est	0.524	1.00	0.358
knowledge of	nazis job	0.549	1.00	0.235
bennet was	ben est oses	0.700	0.88	0.302
to such	tenace	0.546	0.83	0.179
you in	yourte	0.588	1.00	0.000
in town	un tanne	0.643	0.83	0.315
copyright by	contrat bail	0.562	0.82	0.399
them all	bémol	0.698	1.00	0.231
was then	oies zen	0.667	1.00	0.168
you should	couchette	0.497	1.00	0.051
very good	verrière	0.604	0.86	0.124
elizabeth and	les bedaine	0.510	0.80	0.331
be able	bénévole	0.552	1.00	0.242
object of	objective	0.653	0.89	0.242
we can	icône	0.613	0.80	0.267
air and	errante	0.655	0.80	0.024
you cannot	rouquin hâte	0.582	1.00	0.075
ready to	raies itou	0.837	1.00	0.044
her ladyship	allées œdipe	0.565	0.80	0.215
to meet	imite	0.703	0.80	0.187
but we	but oui	0.786	1.00	0.621
the poor	report	0.595	1.00	0.512
what had	laid aide	0.514	0.83	0.358
he took	est oc	0.545	0.80	0.410
my hand	marianne	0.553	0.86	0.284
door and	daurade	0.752	0.83	0.000
the cause	dépose	0.571	1.00	0.304
was on	oies aune	0.645	1.00	0.115
the bed	remède	0.583	1.00	0.309
the ocean	diogène	0.507	0.86	0.070
the mate	remettent	0.584	0.83	0.227
ye see	récit	0.633	1.00	0.413
case of	quais ève	0.617	0.83	0.192
the course	décorent	0.586	0.83	0.037
in and	un hard	0.507	1.00	0.545
even in	hiberne	0.562	0.83	0.000
so well	sorel	0.754	0.83	0.168
not but	mat battent	0.614	1.00	0.203
the neighbourhood	don ébène	0.494	0.78	0.308
