en	fr
came	came
bracelet	bracelet
stems	stem
debris	débris
kurt	quête
heart	carte
suck	sacs
steps	step
east	piste
senses	saine
rapt	rapt
false	fol
now	nos
pier	pie
maximum	maximum
by	bah
pale	pelle
varying	verrez
setae	série
roost	rouste
beet	bites
blair	blair
brief	briefe
more	mots
body	bondie
globe	globes
rouge	rouges
macro	macro
baud	bote
me	mie
objects	abject
toss	os
lay	les
bet	bettes
west	est
pleas	plisse
missy	midi
artist	atteste
flack	flaque
castle	cale
promotion	prochaine
no	nos
forelegs	solex
blow	flow
blend	bled
exclusion	excluant
shove	chauve
raising	résigne
axe	axe
through	roue
foremen	semaine
or	or
reseal	cils
parcel	parcelle
start	stade
check	cheiks
refugee	réfugie
kay	quai
seek	sikh
testis	tester
shoot	shootes
peas	bise
lept	lest
di	dit
tokyo	tokyo
address	adressent
twitter	tir
nick	nique
contact	contact
log	longue
dm	dîme
valve	valve
perry	péri
sawed	sondes
lane	laine
cap	caps
showed	chaudes
potty	petits
ron	rhône
dreg	reg
charlotte	charlotte
moo	mou
bless	blesse
festival	festivals
fall	folle
recede	réside
magic	magique
role	rôles
freeman	frime
tedder	aides
done	donne
toot	toutes
organize	organise
dam	dame
bore	beau
du	doux
boris	bord
lad	lad
my	mât
patches	patch
dallas	délaisse
explode	explose
victoria	victorieux
least	list
move	mou
soon	sou
around	round
cred	crête
technique	technique
collective	collectives
remedies	remise
feta	firent
wow	oies
ochrey	écris
dale	dl
please	plie
li	la
skip	skip
pest	peste
talk	toque
tier	tirs
troops	troupes
sketch	sketch
drive	drive
dram	drame
ester	êtes
triste	triste
scenery	sonnerie
trained	traîne
expose	exposés
dd	dédie
accord	accorde
peeked	picte
transported	transport
mu	mous
pd	pythie
piece	pissent
strength	stresse
ruled	roule
vault	volante
carney	garni
many	mène
says	saisons
pottery	pari
fare	faire
experience	exprime
bash	bâche
peel	piles
rev	rêvent
when	n
gen	gêne
formal	formel
listing	listing
spell	pelle
cress	grèce
parley	pâli
club	clubs
café	café
fuel	fuel
scoot	scoops
follow	falot
bran	bras
rig	reg
plead	plie
dem	aimes
eave	ive
newest	ouest
explicitly	explicite
pea	pie
taxi	taxi
bedding	bedaine
transfers	transfert
meany	mimis
table	table
ass	as
pease	pissent
diplomat	diplomate
strictly	strict
smile	semelle
colly	colis
easel	isole
steppe	stoppe
bloop	loupe
class	classe
lynch	lèche
tala	daller
sat	cette
been	bines
masher	mâcher
connection	connexes
setae	synthé
balder	bol
pesty	pays
zen	saine
spot	spots
scent	saine
respect	respectent
dress	dresse
strap	strip
shown	chaude
casey	quasi
proved	prouvent
yeti	yeti
jesse	ainsi
centres	saine
recalls	rigole
tilt	tilt
pic	pique
duce	douce
taut	tontes
naught	notent
lapped	laps
flawed	flotte
northeast	nordistes
distress	stresse
knotty	nantie
shout	chatte
poof	pouffent
miss	miss
cede	citent
can	canne
slip	slip
netty	nerf
detector	détecte
sake	sec
spell	selle
swift	cette
seal	sil
readied	réside
chi	k
jeff	chef
pub	pub
lined	line
suite	souhaite
strict	stricte
strip	strip
error	aires
fall	fol
sent	set
nixed	mixte
term	tome
stated	stade
krill	quel
sports	sport
snack	snack
lent	laine
peel	pile
main	mène
mixture	mixte
crack	craque
khaki	kiki
familiar	femelle
connecticut	connecte
listings	listing
mi	mas
pallor	palais
sense	saine
seth	cette
rishi	régie
lobby	lobby
air	ère
deceit	dite
kept	quête
see	scie
fell	elle
jean	djinn
ram	rames
speller	pelle
reasonable	risible
rani	radis
was	osent
limy	limer
olive	olive
ted	aides
park	parc
dresses	dresse
lets	laisses
pawed	pondent
expedition	expose
mum	môme
sorta	sauter
below	bleu
gem	gemmes
promo	promo
spoiled	solde
businessman	business
branch	branches
moore	maure
granted	grande
levy	lève
salty	sorties
piece	puisses
el	elle
form	formes
antique	antiques
sex	vexe
techie	acquis
led	plaide
fools	foules
guided	garde
clark	claque
bean	bines
faster	faste
dean	dîne
coot	coude
terrace	terre
floral	floral
zest	zeste
out	hâte
lorry	lorry
question	question
except	acceptent
for	forts
norm	norme
stunned	stade
bent	bête
road	rôde
partner	panne
putty	pari
pleat	plie
anis	anise
many	mènent
remark	marque
tool	houle
shoo	choux
palmy	pâmer
propose	proposes
pennies	pénis
restricted	strict
chrome	chrome
scoop	scoops
mess	minces
tons	thèse
acceptance	accepte
scene	seines
trainer	traîne
spell	selles
mac	mac
mass	masse
stand	stade
heir	aires
lists	liste
caw	que
pt	pipi
mistress	maîtresse
deeds	disent
life	live
ordinary	ordinaire
album	album
re	ris
epoch	époque
form	forme
nicked	dicte
expert	experte
pappy	pipi
accessible	accessible
frock	froc
tommy	tamis
pressers	presse
madding	médine
marge	marge
concept	concepts
jot	date
robust	robuste
lardy	ledit
greet	rites
mu	mou
system	système
pattie	pari
respect	respecte
aggressive	agressive
lloyd	lord
extensive	extensive
trapped	trappe
meany	minis
single	single
carter	car
cursed	quête
mask	masques
baker	bec
emcee	ensi
seeks	sic
proven	prouvant
terrine	terrine
string	string
expressed	expresse
errors	aise
easy	ici
prairie	prairie
crees	crise
lift	loft
armor	armes
eddies	indice
acme	acmé
enemy	ennemie
st	cette
bevvy	baiser
rags	rixe
list	liste
lecturer	lettre
correct	corrects
troop	troupes
pain	peine
centre	saine
blogger	blague
is	aises
ls	laisse
living	living
logs	loch
transform	transforment
nippy	dépit
started	stade
bawd	bote
belonged	bloc
deuce	douces
very	vert
bawd	bonde
ann	âne
carl	cale
soup	soupes
good	gode
sneak	nique
lane	line
lil	lille
cutty	côté
vita	vider
re	ri
why	ouah
pair	pair
tried	trahi
pleas	plie
buck	bacs
overly	oublie
lording	loden
est	investit
brass	brasse
pit	pète
fessed	faites
lost	lotte
flex	réflexe
prophecy	précis
born	bonnes
exports	exporte
bounty	bâties
treading	traîne
zip	zip
fell	faible
rucks	rixe
exclusively	exclusive
slap	slip
belle	belles
pose	poses
pawed	pote
lies	lasse
meanie	mini
decent	dizaines
cyst	zeste
sketches	sketch
fifa	fifa
diploma	diplôme
del	elle
grass	grasses
sect	sectes
excess	excède
order	ordres
parties	prises
ali	allie
proved	prouve
learned	laide
boston	boston
kentucky	kentucky
am	âme
stores	stores
talks	toc
ot	hâte
cant	quitte
lots	lasse
seas	six
cruel	cruels
mood	mou
van	vannes
bawd	botte
naive	naïve
mates	masse
abu	bout
searched	cette
strep	strip
saucy	ceci
bean	binent
berkeley	bâclé
similarly	simili
potty	petit
tend	tête
sigh	sa
surveys	savez
collect	collecte
gross	grosse
programs	programmes
cheek	tic
bleat	blettes
cress	caisse
seen	seines
passed	piste
trench	traîne
civil	cible
manifest	manifeste
proof	prouve
approve	éprouvent
ben	peinent
perspective	spectre
orders	horde
cotta	côté
gravity	gravi
butty	bâti
meatus	mitose
specific	spécifique
manifest	manifestent
bris	presse
funny	finie
speak	pique
not	natte
forget	faites
so	ce
gen	gènes
stored	stade
sell	selle
conic	conique
travelling	travelling
fell	faibles
keen	qui
ra	ras
looney	lui
munich	munich
most	monte
bit	bêtes
kook	coup
chen	chaîne
rapper	rap
cord	codes
postal	postale
tresses	treize
excuse	excuse
california	californie
manuel	manuel
beep	bip
kidnapping	kidnapping
stud	stade
mark	marques
fairly	folie
tesla	déceler
provision	prochaine
lord	laure
ostler	osselets
mousse	moussent
balks	boxent
miffy	méfie
looter	lourd
nelly	delhi
beaked	bic
timing	timing
beanie	béni
bounty	bâtie
re	rit
pressies	précise
flora	flore
explicit	explicites
sheaf	chiffe
flume	plume
put	pote
primarily	primaire
deader	dédie
clip	clip
organ	organes
bellies	belle
trick	trique
end	n
are	are
ruddy	redis
med	mais
cruse	crous
pieced	piste
crude	croûte
mexican	mexicaine
master	mate
commenced	commettent
reduces	douze
sip	sep
ear	ire
act	actes
morris	morse
em	aiment
controllers	contrôle
error	ère
speeches	speech
meme	mimes
connections	connexes
fallen	folles
peer	pires
noil	noël
badge	badge
clued	claude
subtle	salles
realm	rem
various	verrez
ricks	rixe
mesh	mèche
dial	dalle
fellows	philo
mystery	mairie
seas	sise
coot	coudes
eases	isis
caddie	caddie
ref	bref
fe	fi
recoup	recoupe
many	men
newly	nourrit
organs	organes
agree	gris
ref	brefs
inform	formes
drew	roue
bruit	broute
joel	geôles
skiing	ski
papaw	pipeau
transformed	transforme
terry	terres
nike	nac
surely	joli
nova	nova
peaks	piques
shoot	shoots
filmed	film
form	forment
destiny	destiné
pecs	boxe
protecting	protection
steady	série
places	plaise
finished	finish
micro	macro
chemise	chemise
pg	fidji
please	plis
survive	savent
precede	préside
why	oies
carney	canée
sushi	sushis
fantastic	fantastique
say	ses
douche	douchent
quad	quad
cal	cale
goal	gaule
clues	clou
aboard	aborde
insect	insectes
cells	celle
ni	na
titter	tir
titian	déchaîne
some	sam
know	nos
deli	délit
booed	boudes
billy	plie
atom	atomes
lessen	lettone
bangladesh	bangladesh
mod	mande
boo	boue
sawed	sotte
colonies	colonise
met	mainte
fair	fers
staff	staff
beet	bittes
possess	pesait
broad	brode
too	toux
quin	couine
ivan	aven
fate	faites
ms	messes
lou	loup
nets	nettes
fit	faites
forth	for
velour	voler
bob	bob
sorely	folie
cadge	catch
masses	mise
obese	obèse
boutique	boutiques
epa	hep
pike	pack
clone	clones
op	happe
sees	sise
apt	apte
some	sem
ugh	hague
rd	hardi
shells	chaise
kookie	coucou
fierce	force
sawed	sonde
proof	proue
disc	disque
step	stoppes
wall	vol
paddy	pédé
formal	formules
mosh	mâche
awed	odes
coss	casse
stat	cette
vol	val
count	carte
blot	blanc
clean	cligne
fed	fait
dissed	dite
booby	poupée
schwa	chouan
bell	bel
then	gêne
aster	acheter
teepee	tipi
civic	civique
corset	corset
what	ouate
drawn	donnent
approach	approches
first	faites
yell	vielle
alter	halte
mi	ma
devil	dévale
cheek	chic
textile	textiles
brought	botte
memories	maîtrise
exploit	explore
thrown	rhône
countries	comprises
yet	miettes
parker	parcs
extra	extrait
streak	trique
mate	mette
potty	panty
shekel	séquelles
stall	sols
remedy	répondit
beads	bide
easiest	isis
corridor	corridor
douche	douches
superior	soupir
guessed	est
soup	souples
mil	mille
were	le
like	laïques
zoom	zooms
per	paix
loony	lui
an	haine
beck	bec
expand	expo
master	must
mole	môle
budgie	badger
pr	pires
happening	happening
vol	valent
caps	casse
scream	escrime
md	aimer
distress	détresse
mys	masse
down	dan
mute	mute
mobile	mobile
blonde	blanc
conic	cac
france	france
text	textes
dummy	demi
sec	sec
let	lettre
arrive	rave
cap	cap
plead	plaide
kent	quête
pet	pente
catty	caddie
clam	clame
accepts	acceptes
moolah	moulé
there	ère
prescribed	prescrits
sheet	schiste
chic	chimique
pieced	pistes
existed	existent
purely	poli
laid	laide
slave	slaves
certainty	sentit
protected	protecteurs
sheen	chics
hoped	opte
made	méthodes
pa	pan
peri	péri
less	laissent
sore	saurons
pistol	pissent elle
flak	flaque
prescription	prescriptions
indirect	indirects
integrity	intègrent
had	aide
affair	fer
piece	épices
reference	renonce
investing	investit
pease	pise
regrets	regrettent
si	scie
bet	baissent
petty	permis
extent	extraite
telescope	télescope
slick	sic
reaches	rient chaise
damned	dinde
set	senne
past	pistes
separated	précèdent
star	stars
plenty	pleines
poof	pouffes
album	albums
thrive	live
protest	proteste
infinity	sonnerie
ark	arcs
vex	vexes
mixture	mixtes
decorative	descriptive
talk	toc
lulu	loulou
tech	toquent
bomb	baume
danger	dérange
formation	formés
entity	country
ghost	gaulliste
fortress	forteresse
cease	tissent
eighty	épris
pleased	plis ode
younger	yang
funny	finit
century	seigneurie
extraction	extraits
coupe	coupent
jeep	jeep
vaccines	vacciner
ca	camp
collie	colis
member	mêmes
caddy	caddie
exclude	exclut
rod	rade
ben	penne
granite	granit
reach	rite
burry	barrie
gently	jet lis
seals	sil
completely	con plient lis
silt	celtes
frustrated	frustrés
troupe	troupes
patron	patronne
toot were	toutefois
were	ouais
professors	professeurs
shows	choses
doctor	dicte
dressing	dressage
concepts	concept
sawed	scindes
position	pesait
cupped	capte
but	battent
dove	doivent
ruled	roulent
copy	copies
coss	cosses
fraud	fraudes
basis	bénisse
exotic	exotiques
minute	maintes
pike	packs
day	des
great	gré
dynasty	dynastie
excellent	excellentes
public	publiques
breeder	bridé
exhort	exode
glasses	glass aise
cram	crame
my	ma
coups	coup
anywhere	ère
tony	tenir
orchestra	orchestre
seven	sève
progress	presse
affecting	affectent
merely	mit
song	soc
well	ouais
fess	fonce
part	partent
roughly	relis
meaning	mini
em	aimes
men	mènent
effect	affecte
fallen	fol haines
skiing	skis
exceeded	excite
transmitted	transmettent
ls	laisses
says	sept
realize	relâche
scene	sinon
met	mentes
yourselves	diocèses
constructive	constructif
eight	évitent
vein	veines
possessed	peste
bolt	baltes
grey	gré
scum	sème
ms	messe
shoot	choute
ridgy	rient chie
group	groupes
cf	sis
ride	rade
explosions	explose
seeking	sic
wee	oui
atmospheric	atmosphère
even	ive haines
telephone	tels
corp	carpe
concept	cannes opte
filmed	films
trek	très
bug	bagues
steady	sidi
onset	ânes êtes
stressful	stressent elle
fez	seize
marcel	mas elle
shed	aides
sought	sortes
cracked	crêtes
creep	grippe
sorts	sortent
easiest	résistent
exceptionally	exceptionnels
unacceptable	inacceptables
job	jobs
laddie	lesdits
dd	dis
prevention	prennent
dry	drap
bellies	belize
represents	reprennent
mo	mots
recruit	recrute
two	tout
peep	pique
shelly	chili
beak	bittent
west	vestes
funk	fac
mosh	moches
ceremonies	sermon aise
planned	plaide
flex	réflexes
tune	tournent
strategy	strates chie
mean	mite
disport	despote
plume	plume
ex	sexes
flawed	flottes
sister	sieste
territories	terreau cerises
fraught	frotte
frieze	frise
surveyed	cède
zest	vestes
notes	noces
release	lisse
deliveries	divisent
marina	marines
fucker	fac
pressing	presse
billy	bis lies
poo	putschs
cant	contes
gonna	ne
treatments	tristesse
doormat eek	domestique
keeper	équipe
correct	correcte
leads	lisent
whipped	opte
frill	frêle
gravel	grêle
body	bondi
pour	pauvres
ecru	écrou
soviet	sautent
listed	listes
legit	laid jette
dispute	disputes
facts	fritz
too	tout
policies	précises
reform	réformes
pattie	pâtit
posh	poche
exploration	explorer
pose	posent
sane	saisine
custom	cassent homme
prestige	prestigieux
alleged	laide
actress	actrices
beck	benne
pp	pis
tot	tonte
sustain	ceci
vital	valent
ski	skient
unless	laisses
affect	affecte
bot	battent
assembly	établit
entrepreneur	entrepreneurs
owl	halle
protect	prêt acte
friendly	freinent lis
set	cette
matter	mare
beet	bit
tod	tendes
suspects	suspecte
excited	excède
tour	torts
phrase	frise
fortunately	faut chenet lis
exclusively	exclusives
groups	group
organic	organiques
café	cafés
mercy	messie
context	contextes
tee	dis
dancers	danseuses
transfers	transfère
pa	pends
insect	insecte
oral	orales
verb	verbes
prominent	prenantes
projected	prêtes excède
lets	laissent
symphony	symphonie
ideally	allie
about	ébattent
dudes	douze
lb	aile bis
pet	prêtes
biography	biographies
bong	bang
corn	corne
sits	cessent
contractor	con tracter
explosives	explosent
formed	formes
oppression	reprennent
it	êtes
give	gave
messy	mincies
wreaked	rixe
merit	merdes
nowadays	naze
mayo	mes
sorrow	sirop
heir	ère
brave	brèves
coordinator	coordonnées
cede	sise
grade	gré
butt	battent
maximum	maxime
almighty	maris
pleasure	plais
welsh	ouais
metro	mètres
node	nos
perspective	perspectives
examination	examen échine
box	boxe
legend	laide
pod	ponde
surround	round
baud	bof
paste	péquiste
severity	avertit
exact	exacte
tested	tests
titty	titi
memories	méprise
pale	pl
irregular	règles
sense	seine
manly	mali
disagree	dis aigri
technologies	technologie
insanity	sonnerie
can	cannes
shared	chers
small	sols
photograph	photographes
pride	parade
jean	chinent
saw	sont
exhibited	exode
greatest	grévistes
reinforced	riposte
least	listes
operate	apprête
seek	cite
sec	set
pal	pâle
boo	pouls
flan	flâne
princess	princesse
take	té hic
directive	directives
peek	piquent
expanded	excède
extensive	externes
terror	ter
gaze	guise
moms	meuse
ca	quand
atmosphere	atmosphère
sierra	citerne
crick	crique
borough	barreaux
mass	masses
jet	jette
class	classes
moron	morne
saints	séances
pastor	pistes
ben	bonne
sheen	chinent
coot	coupent
lag	ligues
suggested	semestre
dig	digue
promoting	premiers
fantasy	fanent ci
passed	pistes
ready	redis
filled	fondent
pair	pers
therapy	reprit
civic	civiques
ooh	ou
bock	banque
beaten	bit haines
regret	regrettent
orgasm	orgasme
wished	ouest
vestry	vais tri
shattered	hard
hare	ère
dick	déc
now	na
controllers	contrôles
stressful	stresse
ease	visent
envy	haines vies
conclude	con claude
portion	poches
downhill	down
messed	mettent
sex	sexes
tricky	tri
prayer	prêtres
goods	guise
peace	tisse
directors	directs
squares	square
letters	lès
streaked	strict
tod	tendent
criminal	criminels
booed	boudent
lessee	laisser
proceedings	précises
postal	postales
reasons	reprises
barrier	bris
memoir	mêmes
reckon	ricaine
mousse	mousses
pen	benne
paths	passes
coss	cosse
kindly	qualifient
tell	telle
net	nettes
north	nord
repair	repère
esteem	estimés
estimated	estimés
correctly	corrects
boos	boude
care	clercs
mess	mettes
poof	pouf
ti	ta
moony	muni
bite	battent
offs	offense
gave	gué ive
promo	promeut
film	filme
brief	bris
investors	investissent
jay	dg
essentially	sain joli
meta	mers
long	love
pp	pipi
feast	fis
mixed	mixte
potentially	potin joli
fetter	fêter
to	toux
contents	comtesse
start	sortes
clue	clous
transcript	script
method	met aide
pupils	pelouses
ward	horde
section	seine
testing	tests
vet	vestes
bet	bottent
lesbian	lesbienne
respectful	respectent elle
fest	fêtes
terry	terre
beak	bites
mock	mecs
pooh	pouls
except	acceptes
format	formes
lopped	loft
centered	seine
be	pies
brick	briques
air	aires
randy	rhin dit
testers	taies thèse
mars	mises
suffer	sauf
mil	milles
proceeded	précis aide
electron	électrons
ka	khan
fez	fesse
connect	connecte
safely	sévit
forms	formes
chemise	chemisent
meant	mettent
