node	n_chains
fr:dis	556
fr:haines	498
fr:sain	463
fr:rient	422
fr:met	411
fr:ries	307
fr:raies	281
fr:ruent	276
fr:fait	271
fr:tain	242
fr:aident	238
fr:sait	227
fr:prennent	217
fr:pris	215
fr:plient	215
fr:prêt	201
fr:liguent	197
en:pen	194
fr:dit	190
fr:con	189
fr:sises	182
en:method	181
fr:sexe	176
en:root	164
en:pleaded	163
fr:secs	160
en:shoot	158
fr:taies	158
fr:main	158
en:sees	157
en:piece	155
fr:routes	154
fr:scient	154
en:rooters	154
en:pee	150
fr:pisse	149
en:seize	146
en:si	146
fr:shoot	142
en:test	142
fr:lient	142
fr:sise	141
en:teak	140
en:lecture	137
fr:teck	136
fr:méthode	136
en:resell	135
fr:feignent	133
en:tech	132
fr:précis	132
fr:gras	130
en:retailer	129
fr:laids	127
en:distracted	127
en:retailers	124
en:branded	124
fr:mas	123
fr:trais	122
fr:piquent	121
fr:haine	120
en:seen	118
fr:axent	118
fr:si	115
en:branding	115
fr:test	114
fr:prient	113
fr:précise	112
en:presses	112
fr:stylé	111
fr:cessent	111
fr:paient	111
fr:fanent	111
en:reseal	110
fr:brin	110
fr:route	109
fr:ride	109
en:lectures	109
en:gravel	108
fr:rhin	107
fr:hindi	107
fr:six	106
fr:freinent	105
fr:vis	105
fr:pot	103
en:enters	103
fr:rides	102
en:meet	101
fr:gin	100
fr:lin	100
en:sex	99
fr:colis	99
fr:baissent	99
en:in	98
fr:ensi	98
fr:pas	98
fr:aidait	98
fr:peut	97
en:should	96
fr:bat	96
en:venture	96
fr:sexes	95
en:plead	95
en:pieced	94
fr:saines	94
fr:aimes	93
fr:mènent	93
en:ventures	93
fr:rincent	93
en:debt	92
fr:bradent	92
en:fitted	92
en:metered	92
fr:gins	91
fr:shootes	90
fr:coud	90
fr:nouées	90
en:parcel	89
en:lesson	89
en:distract	89
en:soup	88
fr:but	88
fr:traquent	88
fr:mets	87
fr:peine	87
fr:shoote	86
fr:clous	86
en:ought	86
fr:soupes	85
en:busted	85
en:secs	84
en:wrestling	84
en:prison	84
fr:khan	84
fr:évoquent	84
en:seas	83
en:set	83
en:jean	82
fr:testes	82
fr:pissent	82
fr:laid	82
en:senores	82
fr:tester	81
en:clue	80
en:peak	80
fr:pain	79
fr:créent	79
en:credit	79
en:entered	79
fr:ces	78
fr:faut	78
en:protect	78
fr:trient	78
en:dusty	78
en:sec	76
en:thirteen	76
en:testers	76
en:pleading	76
fr:tracent	76
fr:étain	76
en:petit	75
en:retrieve	75
fr:presse	75
en:investor	75
fr:jets	75
fr:seines	74
en:lesser	74
en:penalty	74
fr:braquent	74
en:founded	74
en:beat	73
fr:plume	73
fr:crédit	73
en:techs	72
en:branches	72
en:retrieved	71
en:senors	71
en:enter	71
en:routers	71
en:investors	71
en:myself	71
fr:coupe	70
en:reed	70
fr:pis	70
en:sicked	70
fr:soupe	69
fr:laissent	69
en:plea	69
en:install	69
en:dissed	68
fr:prête	68
fr:mat	68
fr:sont	68
en:edited	68
fr:seize	67
fr:plaide	66
en:friendship	66
fr:plisse	66
en:deadly	66
en:country	66
en:vicinity	66
en:sorted	66
fr:faits	65
fr:dette	65
en:testes	65
fr:raids	65
fr:faon	65
en:lender	65
en:jet	65
en:reader	64
fr:secte	64
en:colly	64
fr:commit	64
en:chute	63
fr:pari	63
en:sicken	63
en:editing	63
fr:bites	62
fr:fies	62
en:certain	62
fr:in	62
fr:prison	62
fr:country	62
en:it	62
en:belle	61
en:ferry	61
en:losses	61
en:beaters	61
fr:notais	61
en:terror	60
fr:plaies	60
fr:sis	60
fr:crête	60
en:seat	60
fr:fient	60
en:lethal	60
fr:las	60
fr:pays	60
en:member	60
fr:belles	59
en:see	59
fr:coller	59
en:reeding	59
en:under	59
fr:dès	59
en:extending	59
fr:tant	59
fr:teste	58
en:pistol	58
en:designers	58
fr:sommets	58
fr:coincent	58
fr:défient	58
en:affected	58
en:yourself	58
en:mess	57
fr:tics	57
en:chin	57
fr:pi	57
fr:pli	57
en:cooed	57
fr:cannes	57
fr:pros	57
en:attending	57
fr:paix	56
en:practiced	56
en:question	56
en:settled	56
fr:trait	56
fr:ions	56
fr:pisses	55
fr:chiner	55
fr:tan	55
en:ending	55
en:titled	55
fr:messes	54
fr:petite	54
en:testing	54
fr:cigogne	54
fr:sortent	54
en:attended	54
fr:pics	53
en:suit	53
fr:savent	53
en:centers	53
fr:installer	53
en:northwestern	53
en:committed	53
fr:des	53
fr:coupes	52
fr:box	52
en:readers	52
en:disses	52
fr:peines	52
en:centre	52
fr:claque	52
fr:mais	52
fr:commun	52
en:emcee	52
en:pleat	52
fr:ânes	52
fr:taxent	52
fr:caddie	52
en:members	52
fr:jet	52
en:prissy	51
fr:van	51
en:loses	51
en:ended	51
fr:loues	51
fr:ferry	50
fr:chipe	50
en:fracture	50
fr:skient	50
en:finest	50
fr:taillent	50
fr:vitesse	50
en:suited	50
en:cadge	50
fr:ban	50
en:read	49
fr:petit	49
en:fourteen	49
en:an	49
fr:près	49
en:pieces	49
en:defeated	49
en:title	49
en:route	48
en:court	48
en:sued	48
fr:mètre	48
fr:vais	48
fr:laisses	48
en:sheep	48
fr:cassent	48
en:sicks	48
en:was	48
en:emcees	48
fr:coach	48
en:render	48
en:extended	48
en:insanity	48
fr:jean	47
en:ported	47
fr:laisse	47
en:designer	47
en:red	47
en:tresses	47
en:sort	47
fr:question	47
fr:plies	47
en:teston	47
fr:boutis	46
fr:seine	46
fr:mite	46
en:cluck	46
fr:ose	46
fr:commis	46
en:pleader	46
fr:rétine	46
en:wrested	46
fr:belle	45
en:coup	45
en:says	45
en:testa	45
en:out	45
fr:clame	45
en:decease	45
fr:pistes	44
en:recipes	44
fr:nid	44
en:get	44
en:coaches	44
fr:propos	44
fr:terre	43
en:senses	43
en:caller	43
en:leaders	43
fr:tresses	43
en:vs	43
fr:vies	43
fr:devait	43
fr:synthé	43
en:setters	43
fr:catch	43
en:toot	42
en:super	42
en:coupe	42
fr:bite	42
fr:triste	42
fr:sectes	42
en:sea	42
en:seating	42
en:stork	42
en:redly	42
en:bell	41
fr:dettes	41
fr:anis	41
en:seizing	41
en:wrestle	41
en:succeed	41
fr:mines	41
fr:scies	41
fr:sous	41
fr:synthèse	41
en:product	41
en:rental	41
fr:pie	40
fr:soute	40
fr:bey	40
fr:recettes	40
en:censorship	40
fr:quais	40
fr:créait	40
fr:rift	40
fr:manient	40
fr:roman	40
en:peace	39
en:recall	39
en:friendships	39
en:preach	39
en:tender	39
en:invest	39
en:partners	39
fr:hissent	39
fr:aides	39
fr:saignent	39
en:trusted	39
en:protected	39
en:corn	38
fr:hâtes	38
en:lessen	38
fr:suit	38
en:clam	38
en:censure	38
fr:pennes	38
en:entry	38
fr:crient	38
en:deceive	38
en:tending	38
en:gene	37
fr:bout	37
fr:crissent	37
fr:coude	37
en:semester	37
en:portraits	37
fr:tissent	37
en:reaching	37
en:coaching	37
en:deed	37
en:founders	37
fr:telle	36
en:shooters	36
fr:corne	36
en:metal	36
fr:mèches	36
en:rooting	36
en:tress	36
fr:assiste	36
fr:êtes	36
en:settling	36
en:settle	36
en:fairy	35
en:merry	35
fr:toute	35
en:clued	35
en:superstar	35
en:beak	35
en:tressel	35
en:sheeny	35
en:prat	35
en:would	35
fr:aide	35
en:sensory	35
en:briefly	35
en:remainder	35
en:protecting	35
fr:sets	35
en:predecessor	35
en:terrors	34
en:booty	34
fr:mité	34
fr:sexuel	34
fr:testent	34
fr:ben	34
en:artiste	34
en:teacher	34
en:tested	34
en:frisson	34
en:resist	34
en:versus	34
en:booze	34
fr:bises	34
en:pleasing	34
fr:estimait	34
en:defeat	34
fr:reines	34
en:reaming	34
en:tended	34
en:tell	33
en:jinn	33
fr:stock	33
en:fee	33
en:pressie	33
fr:trotte	33
en:ready	33
fr:pistolet	33
fr:ouais	33
fr:dépote	33
en:russet	33
en:messy	33
fr:plaider	33
en:leks	33
en:essentially	33
en:basically	33
en:proceeded	33
en:lending	33
en:reminder	33
en:matches	33
en:sheen	32
fr:djinns	32
fr:destine	32
fr:ceci	32
en:printing	32
en:southwest	32
en:investing	32
en:partner	32
en:practice	32
en:picture	32
en:devoted	32
en:proximity	32
en:cutch	32
en:treated	32
en:onset	32
fr:bas	32
fr:romain	32
en:proposes	32
fr:distingue	32
en:seller	31
fr:tout	31
en:bet	31
fr:soudent	31
fr:shooter	31
en:betting	31
en:call	31
fr:titi	31
en:less	31
fr:pinson	31
en:sketches	31
en:reduced	31
en:techies	31
en:honesty	31
en:predator	31
en:receive	31
en:parry	31
en:kisses	31
en:interested	31
fr:ricin	31
fr:pan	31
en:mending	31
en:bucked	31
fr:seller	30
en:peters	30
fr:coulent	30
en:corny	30
en:eve	30
en:poof	30
en:settler	30
en:press	30
fr:thérèse	30
fr:max	30
en:testy	30
en:system	30
en:testis	30
en:chevy	30
en:possessed	30
en:chemistry	30
en:sue	30
fr:képi	30
fr:divin	30
fr:frais	30
fr:exhibent	30
fr:train	30
en:monitored	30
en:when	30
fr:forain	30
en:cully	30
fr:afin	30
en:previous	30
fr:adrets	30
en:diseases	30
en:tennis	30
fr:irriguent	30
fr:mystérieux	30
fr:cote	29
en:tics	29
fr:root	29
fr:chique	29
en:ski	29
en:claws	29
en:petite	29
fr:pies	29
fr:tic	29
fr:se	29
en:all	29
fr:piques	29
en:artist	29
fr:indice	29
fr:oueds	29
en:predators	29
fr:tords	29
fr:speed	29
en:extensively	29
en:cuddy	29
en:wrestler	29
en:sweetheart	29
en:shedding	29
en:proceeding	29
en:preaching	29
fr:self	29
en:stalk	28
fr:griffes	28
en:en	28
en:shoe	28
en:telly	28
en:freest	28
fr:site	28
fr:système	28
fr:lutter	28
fr:vin	28
fr:doigt	28
fr:claude	28
en:emmet	28
en:greedy	28
fr:prêtais	28
fr:recèle	28
en:beater	28
en:centered	28
fr:isis	28
en:letting	28
en:deceit	28
en:proposal	28
fr:distinguer	28
fr:dissent	28
fr:telles	27
en:tel	27
fr:bine	27
fr:trous	27
fr:piste	27
en:sensor	27
en:trot	27
en:settlers	27
fr:coudes	27
en:deport	27
en:marcel	27
en:commentary	27
en:clem	27
fr:repris	27
en:privacy	27
en:success	27
fr:restent	27
en:temperature	27
en:trusting	27
fr:jouent	27
fr:rumine	27
fr:man	27
fr:los	27
fr:floue	27
en:greeted	27
fr:mystérieuse	27
fr:touts	26
en:cooper	26
en:metre	26
fr:clic	26
en:error	26
fr:poules	26
fr:cornes	26
en:cred	26
fr:ive	26
en:debtor	26
en:mesh	26
en:stiller	26
en:possess	26
en:plume	26
en:stellar	26
fr:elles	26
en:tension	26
en:founding	26
fr:chaises	26
en:extensive	26
en:ridding	26
fr:traînes	26
fr:quad	26
fr:tonnes	26
fr:chaude	26
en:judges	26
fr:excès	26
fr:prêtons	26
fr:prêter	26
fr:flot	26
en:binding	26
en:we	25
fr:coup	25
fr:folle	25
en:meter	25
en:boo	25
fr:bec	25
en:seizes	25
fr:télé	25
fr:sotte	25
fr:forme	25
fr:clause	25
fr:kaki	25
fr:bridge	25
en:crystal	25
en:terrorism	25
fr:toutefois	25
en:disagree	25
fr:ou	25
fr:bossent	25
en:register	25
en:porting	25
en:pennis	25
en:defending	25
en:reaches	25
fr:cent	25
fr:terreurs	25
en:rested	25
en:flume	25
en:temperatures	25
en:reaped	25
en:feeding	25
en:treaties	25
en:sylph	25
fr:tanguait	25
en:too	24
fr:cotes	24
en:kami	24
fr:mous	24
en:chic	24
en:peter	24
fr:aiment	24
fr:petites	24
en:central	24
fr:émettent	24
en:beef	24
en:penalties	24
en:tooter	24
en:been	24
en:patron	24
en:registered	24
fr:aurait	24
en:northwest	24
fr:mot	24
en:greatest	24
fr:treize	24
en:grit	24
fr:foncé	24
fr:positive	24
en:purchased	24
en:ed	24
en:tractive	24
fr:prêtait	24
fr:fonceuse	24
en:beetle	24
fr:penne	24
en:setter	24
en:disease	24
fr:cet	24
en:trading	24
fr:justifie	24
fr:cheveux	24
fr:folie	24
fr:tait	23
fr:stocke	23
en:grief	23
fr:mire	23
en:shooter	23
en:talk	23
en:flu	23
fr:mites	23
fr:piquer	23
en:exodus	23
en:sector	23
fr:dédie	23
en:brit	23
fr:chimie	23
fr:nœud	23
fr:positif	23
en:bees	23
en:softball	23
en:counted	23
fr:pratiquent	23
fr:peinent	23
en:wander	23
en:torn	23
fr:gagnent	23
en:routinely	23
en:reminded	23
fr:files	22
en:beet	22
fr:choux	22
en:cork	22
fr:poilu	22
fr:voler	22
en:loop	22
en:pool	22
fr:pâli	22
fr:tâter	22
fr:terrer	22
en:lawsuit	22
fr:pistent	22
fr:der	22
fr:ouest	22
en:tracks	22
fr:chinent	22
en:titter	22
en:miniature	22
fr:bicoque	22
fr:chaud	22
en:indie	22
en:listed	22
fr:première	22
fr:bouses	22
en:matrix	22
fr:pressent	22
en:rendering	22
fr:constater	22
en:fit	22
fr:levait	22
fr:bond	22
fr:planent	22
en:rendered	22
fr:déconnent	22
fr:sourde	22
fr:chute	21
fr:bêtes	21
fr:active	21
en:clique	21
en:poop	21
fr:choute	21
en:parley	21
fr:formes	21
fr:tiquent	21
en:dare	21
fr:lettone	21
en:control	21
en:ministry	21
en:personnel	21
fr:nouent	21
en:veteran	21
en:pecs	21
en:reedy	21
en:rumen	21
fr:branches	21
en:printed	21
en:stela	21
en:needed	21
en:defended	21
en:corky	21
en:lenders	21
fr:steppes	21
en:places	21
en:tourism	21
en:arrest	21
fr:recoins	21
en:inspector	21
en:retention	21
en:enjoyed	21
en:addresses	21
en:eases	21
fr:écot	21
en:mender	21
fr:bitter	21
en:successor	21
fr:destinée	21
fr:iniques	21
en:testify	21
fr:tracts	21
en:erected	21
en:commonly	21
fr:cliquent	21
fr:cantine	21
en:two	20
en:fall	20
fr:veste	20
en:caught	20
fr:ouïe	20
fr:mythe	20
fr:bettes	20
fr:loupe	20
fr:suent	20
fr:pouf	20
en:berry	20
en:triste	20
en:readies	20
fr:exode	20
fr:chips	20
en:loopy	20
en:sect	20
fr:saisine	20
fr:clés	20
fr:fracture	20
en:software	20
fr:dicte	20
fr:dix	20
en:fortunately	20
fr:prisonnier	20
en:prisoner	20
fr:prisonniers	20
fr:prêle	20
en:foresees	20
en:foresee	20
fr:cognent	20
en:elders	20
en:estimated	20
en:lecturer	20
fr:restes	20
en:baseball	20
en:counting	20
fr:constate	20
fr:battent	20
fr:croquent	20
en:pretor	20
fr:symptômes	20
en:murdered	20
fr:veulent	20
fr:aise	20
fr:vont	20
fr:isolent	20
en:shortly	20
en:rented	20
en:dit	20
fr:moquent	20
en:manly	20
fr:gèlent	20
en:stress	19
fr:stress	19
en:feel	19
fr:mali	19
en:truly	19
en:true	19
fr:fesses	19
en:dicks	19
fr:délit	19
fr:filer	19
fr:tiques	19
en:pees	19
fr:sexuellement	19
fr:prêche	19
fr:bique	19
en:stalky	19
en:faller	19
fr:connu	19
fr:cimes	19
en:football	19
en:so	19
fr:hall	19
fr:atteste	19
fr:biffer	19
en:ceding	19
en:mental	19
en:seeding	19
en:settee	19
fr:douter	19
fr:massent	19
en:mean	19
en:pallet	19
en:neutral	19
en:vista	19
en:latest	19
fr:déguise	19
en:destructive	19
en:exhibited	19
en:reseed	19
en:conte	19
en:requested	19
fr:rosso	19
fr:refrain	19
en:festival	19
fr:chaise	19
en:unexpected	19
en:freezing	19
en:senators	19
fr:décide	19
en:textbooks	19
en:installed	19
fr:strings	19
fr:troupes	18
fr:stresse	18
en:em	18
fr:selle	18
en:steal	18
en:suing	18
fr:jeep	18
fr:messe	18
fr:legs	18
fr:mini	18
fr:ère	18
en:corner	18
en:sought	18
en:form	18
fr:aires	18
fr:chefs	18
en:derry	18
fr:biffent	18
en:could	18
en:renter	18
en:ticked	18
en:settees	18
fr:camée	18
en:diesel	18
en:prisoners	18
fr:souhait	18
fr:plie	18
en:protesters	18
en:steppe	18
en:bleeding	18
fr:cocu	18
en:trustees	18
en:offended	18
fr:festival	18
en:exit	18
fr:hérissent	18
en:mounted	18
en:according	18
en:temporary	18
en:aesthetic	18
fr:restera	18
en:faeces	18
fr:het	18
en:collected	18
en:cellar	17
fr:mousse	17
fr:voit	17
fr:nous	17
fr:aine	17
fr:coutil	17
fr:souper	17
en:former	17
fr:poupe	17
en:cocky	17
fr:mer	17
fr:froc	17
fr:hot	17
en:bris	17
fr:éthique	17
fr:soutes	17
en:classic	17
en:claque	17
fr:trax	17
fr:brebis	17
en:shinny	17
fr:sketchs	17
fr:semestre	17
en:randy	17
en:sandwiches	17
fr:fin	17
fr:cluses	17
en:foresaw	17
fr:mies	17
fr:tries	17
en:eddies	17
fr:prône	17
fr:plier	17
fr:nids	17
en:needing	17
en:stelae	17
fr:requis	17
en:rebury	17
fr:training	17
fr:lynx	17
fr:belize	17
en:bellies	17
fr:affectée	17
fr:exclus	17
en:legit	17
fr:mon	17
fr:braques	17
en:himself	17
fr:dizaines	17
en:sending	17
fr:matchs	17
fr:exprès	17
fr:déconne	17
fr:huit	17
fr:bouse	17
en:sorely	17
fr:bottines	17
en:origin	17
en:to	16
fr:frotte	16
fr:style	16
en:beck	16
en:cool	16
fr:bennes	16
fr:pise	16
fr:ives	16
en:me	16
en:sensors	16
fr:terres	16
fr:grippe	16
en:footballer	16
fr:soin	16
en:frock	16
fr:tous	16
en:beefy	16
en:litre	16
fr:pif	16
fr:égouts	16
en:written	16
en:ooh	16
en:friendly	16
en:cs	16
en:pixel	16
en:tasted	16
en:mainstream	16
en:training	16
en:port	16
en:rest	16
en:caddie	16
en:density	16
en:funded	16
en:menaced	16
en:enjoys	16
en:quantities	16
en:quantity	16
en:victim	16
en:excluding	16
en:trustee	16
en:pretty	16
en:these	16
en:traders	16
fr:esthétique	16
en:wardrobe	16
fr:quid	16
fr:exit	16
en:terry	15
fr:vues	15
fr:toutou	15
en:fork	15
fr:phoques	15
en:pressure	15
en:saucy	15
fr:laisser	15
fr:hâtent	15
en:chef	15
fr:toquent	15
en:seam	15
en:frees	15
en:monthly	15
fr:tit	15
en:peek	15
en:meanie	15
en:partly	15
en:attic	15
fr:fini	15
fr:sottises	15
en:butler	15
fr:laiteux	15
fr:an	15
en:parental	15
en:rusher	15
fr:doues	15
en:preserve	15
en:reddest	15
en:sweating	15
en:draws	15
en:meetly	15
en:sixty	15
en:tinder	15
en:custom	15
en:treading	15
fr:teks	15
fr:traîne	15
en:bellied	15
en:mistress	15
fr:pressing	15
fr:club	15
en:denied	15
en:pointed	15
en:desperately	15
fr:existantes	15
fr:crocs	15
en:fleas	15
en:censored	15
fr:lots	15
en:portrait	15
fr:gars	15
fr:faux	15
en:frozen	15
en:maximum	15
en:instructor	15
fr:destin	15
en:planted	15
en:invested	15
en:racket	15
fr:frits	15
en:flooding	15
en:secondary	15
fr:lis	15
en:destroys	15
en:stranger	15
en:carding	15
fr:gene	14
fr:bosse	14
en:fresh	14
fr:fraîche	14
fr:bêta	14
en:paired	14
fr:perdent	14
en:zest	14
fr:zeste	14
en:meat	14
fr:anise	14
en:suitable	14
en:straws	14
fr:couic	14
fr:cime	14
fr:metal	14
en:wrest	14
en:customer	14
fr:plié	14
fr:consultez	14
fr:voyez	14
en:feature	14
en:recoup	14
en:chat	14
fr:chat	14
en:peacock	14
fr:palestine	14
en:litter	14
fr:dispos	14
fr:toquer	14
en:fool	14
fr:foules	14
fr:stocker	14
fr:loupé	14
en:wonder	14
fr:potes	14
fr:bel	14
fr:cran	14
en:texture	14
en:spin	14
en:previously	14
fr:rivas	14
en:quantum	14
fr:affectés	14
fr:lent	14
fr:toitures	14
en:possession	14
en:liberties	14
en:forcing	14
fr:thèse	14
en:restored	14
en:engine	14
fr:routine	14
fr:prêtes	14
en:targeted	14
en:destroyed	14
fr:romanes	14
fr:tee	13
en:messes	13
en:moose	13
fr:tech	13
en:bean	13
fr:hans	13
en:leg	13
en:pics	13
en:ben	13
fr:blouse	13
fr:ouate	13
fr:troll	13
fr:technologie	13
en:detest	13
fr:chipote	13
fr:swing	13
en:tarter	13
en:said	13
fr:donnent	13
fr:moins	13
fr:tristesse	13
fr:pouffes	13
fr:touchés	13
en:messing	13
en:metres	13
fr:reste	13
fr:rester	13
en:secede	13
fr:tite	13
en:men	13
fr:soudé	13
en:teddy	13
fr:chemises	13
en:particle	13
en:council	13
fr:certain	13
en:benefit	13
en:mature	13
en:baulked	13
fr:pressions	13
fr:pic	13
fr:douleur	13
fr:thèses	13
fr:leaders	13
fr:roumaine	13
fr:ligne	13
en:bottle	13
fr:dirigeants	13
fr:chou	13
en:cabbie	13
en:modern	13
fr:priant	13
fr:steppe	13
en:defender	13
fr:bled	13
en:creators	13
fr:anode	13
fr:couac	13
en:cabby	13
en:sensitive	13
fr:sprays	13
fr:cèdes	13
en:needle	13
fr:ifs	13
fr:campent	13
en:restoration	13
en:confessed	13
fr:laines	13
fr:rixe	13
fr:passent	13
en:default	13
fr:drapent	13
fr:cut	13
fr:quiches	13
en:existed	13
fr:amènent	13
fr:primait	13
en:deacon	13
fr:prennes	13
fr:mânes	13
fr:frappait	13
fr:rincer	13
en:downward	13
en:traded	13
fr:brèmes	13
fr:collectes	13
fr:draps	13
en:preferences	13
en:wracks	13
fr:bell	12
en:tea	12
en:mousse	12
fr:fort	12
fr:super	12
fr:rse	12
en:jefe	12
fr:styles	12
fr:tels	12
en:active	12
fr:formidable	12
fr:rencontrez	12
en:blues	12
en:bootie	12
fr:poupes	12
fr:brenda	12
fr:crois	12
fr:destins	12
fr:rappeler	12
en:movie	12
fr:out	12
en:cooler	12
fr:frise	12
fr:moindre	12
en:website	12
en:frill	12
en:preacher	12
fr:britanniques	12
fr:parlant	12
fr:parler	12
en:center	12
en:chemise	12
fr:reprenez	12
fr:prend	12
fr:skie	12
fr:calent	12
en:pattern	12
fr:bouts	12
fr:émises	12
fr:estimées	12
en:meatball	12
fr:tendres	12
fr:tendre	12
fr:ils	12
en:will	12
en:treen	12
fr:secret	12
fr:brevets	12
fr:yens	12
en:rotten	12
fr:rat	12
fr:pâment	12
fr:clans	12
fr:branche	12
fr:sante	12
fr:succursales	12
en:spreading	12
en:gases	12
fr:trempe	12
en:melted	12
fr:saut	12
fr:casa	12
fr:collais	12
fr:distances	12
fr:promet	12
fr:promis	12
en:conductor	12
en:exam	12
en:quiche	12
en:quip	12
fr:saison	12
fr:dépeignent	12
fr:relaient	12
fr:cons	12
fr:borne	11
fr:troupe	11
en:troupe	11
en:fort	11
en:prove	11
fr:prouve	11
en:boss	11
en:fraught	11
en:boom	11
fr:tocs	11
en:lording	11
en:cootie	11
en:seal	11
fr:rencontre	11
en:anis	11
en:eat	11
fr:chin	11
en:cress	11
fr:zestes	11
en:sexy	11
fr:cède	11
en:kaki	11
fr:diy	11
fr:précises	11
fr:cloche	11
fr:chu	11
fr:année,	11
en:west	11
en:teepee	11
fr:jeun	11
fr:lettonie	11
fr:lecture	11
en:teeny	11
fr:palestinien	11
en:cluster	11
fr:fractures	11
en:teaches	11
fr:leçon	11
en:season	11
en:clack	11
en:do	11
fr:louise	11
en:redden	11
en:talkie	11
en:talky	11
fr:leçons	11
en:fleck	11
en:shipped	11
en:brill	11
fr:derrick	11
fr:année	11
en:pending	11
fr:redisent	11
en:amice	11
en:eschew	11
fr:bras	11
fr:otan	11
en:controversy	11
en:disaster	11
fr:certaine	11
fr:mitose	11
fr:certaines	11
en:prestige	11
fr:bolide	11
en:refreshing	11
en:secretary	11
en:collie	11
fr:obtiennent	11
en:honored	11
fr:inouï	11
en:digits	11
en:baptist	11
fr:cousu	11
fr:initialement	11
en:corrected	11
fr:macs	11
fr:initiée	11
en:suggested	11
en:pecks	11
en:twisted	11
en:wheelchair	11
fr:distance	11
en:endless	11
en:bothered	11
en:detect	11
en:costly	11
en:assaulted	11
en:promises	11
fr:disent	11
fr:exhibe	11
fr:soutenait	11
en:bought	11
en:ante	11
en:minded	11
en:networks	11
fr:bit	11
en:seasonal	11
en:matters	11
en:fleam	11
en:mortgages	11
en:enforce	11
en:painful	11
fr:mousses	10
en:for	10
en:gean	10
fr:cooper	10
en:vest	10
en:pd	10
en:marly	10
fr:joyeux	10
fr:paz	10
en:bawdy	10
fr:ski	10
en:octave	10
fr:lords	10
fr:skier	10
fr:superstar	10
fr:collent	10
en:calling	10
fr:émettant	10
fr:apogée	10
fr:coques	10
fr:coque	10
en:air	10
fr:crique	10
fr:peste	10
fr:grèce	10
en:queen	10
fr:chaussure	10
fr:eve	10
fr:devrait	10
fr:spots	10
fr:trot	10
fr:rencontrer	10
en:seem	10
en:teat	10
en:suitor	10
en:lobby	10
en:western	10
fr:crous	10
en:marques	10
fr:lubie	10
fr:loden	10
fr:textile	10
fr:gestes	10
en:rusty	10
fr:doté	10
en:sixteen	10
fr:disparues	10
en:masterpiece	10
fr:claudel	10
fr:tresse	10
fr:panache	10
en:role	10
en:ridgy	10
fr:marcel	10
fr:pourtant	10
fr:stellaire	10
en:metric	10
fr:oued	10
fr:sortir	10
fr:sortie	10
fr:cite	10
fr:cites	10
en:disguise	10
fr:eté	10
en:presenter	10
en:preceding	10
fr:ligne,	10
fr:libérait	10
en:piton	10
en:entities	10
en:pressmen	10
en:disgusting	10
en:dances	10
en:professors	10
en:mystery	10
en:tread	10
en:redrew	10
en:references	10
en:prevention	10
en:inly	10
en:rooted	10
en:classes	10
en:flues	10
en:treating	10
en:arrested	10
en:prejudice	10
fr:spray	10
fr:pacte	10
en:if	10
en:contractor	10
fr:gâté	10
en:carter	10
en:busty	10
en:deleted	10
en:kindly	10
en:nicked	10
en:velocity	10
en:pander	10
en:sustain	10
fr:raid	10
en:leases	10
en:stranded	10
en:born	9
fr:thé	9
fr:selles	9
en:coo	9
fr:fais	9
fr:terra	9
en:baulks	9
fr:boumes	9
fr:fées	9
fr:fée	9
fr:stemms	9
fr:boo	9
fr:désordre	9
fr:blues	9
en:feeler	9
fr:couines	9
fr:soulier	9
fr:destiny	9
fr:matières	9
fr:rappel	9
en:soupy	9
fr:battu	9
fr:soudes	9
en:fessed	9
en:supreme	9
en:cleat	9
en:cleave	9
fr:coq	9
fr:rapt	9
en:readied	9
fr:reçois	9
fr:tique	9
en:exhort	9
fr:coupent	9
en:pleas	9
fr:pacs	9
en:peat	9
fr:frêle	9
fr:jack	9
en:choc	9
en:rooter	9
fr:enseignante	9
fr:soupent	9
en:teeter	9
fr:tipi	9
en:looby	9
en:poo	9
fr:souhaite	9
en:acoustic	9
fr:claudia	9
en:pooh	9
en:preppy	9
en:sketch	9
en:moisture	9
fr:despote	9
en:jeers	9
en:podcast	9
en:streaks	9
en:dentist	9
fr:maïs	9
en:culture	9
fr:serait	9
en:clews	9
fr:troc	9
fr:fonçons	9
fr:semelle	9
en:treason	9
fr:équipée	9
fr:odes	9
en:rickey	9
en:autonomy	9
fr:pénis	9
fr:réprouve	9
fr:alcools	9
fr:acheter	9
fr:sobriété	9
en:laboratories	9
fr:biffe	9
fr:rocher	9
fr:alcool	9
fr:endroits	9
fr:intimité	9
en:censers	9
en:forensic	9
en:preceded	9
fr:jazz	9
fr:refonte	9
fr:citent	9
en:closing	9
fr:cône	9
fr:chaussées	9
en:penning	9
fr:scrutent	9
fr:privées	9
en:transmitted	9
en:survival	9
en:masses	9
fr:hordes	9
fr:chipes	9
en:created	9
fr:best	9
fr:juges	9
en:creditors	9
fr:spleen	9
en:transit	9
en:edges	9
fr:terrent	9
en:mourning	9
en:beaches	9
en:census	9
en:gesture	9
fr:trots	9
en:residential	9
en:gasoline	9
en:pitcher	9
fr:magistrats	9
fr:attire	9
en:senator	9
en:itself	9
fr:vêtement	9
fr:pectine	9
fr:viandes	9
fr:excréments	9
fr:clip	9
en:descended	9
en:quid	9
en:credited	9
en:greeting	9
fr:perturbé	9
fr:perturbée	9
fr:aidez	9
en:expressing	9
en:congressional	9
fr:parrain	9
en:evil	9
fr:crâne	9
en:engineered	9
en:exes	9
en:whichever	9
fr:stade	9
en:greeter	9
fr:suède	9
fr:braquage	9
en:restricted	9
fr:gênant	9
en:endangered	9
fr:canne	9
en:can	9
en:bordered	9
fr:bot	9
fr:examen	9
fr:questions	9
en:borne	8
fr:crosse	8
en:cross	8
fr:oui	8
fr:tri	8
fr:too	8
fr:two	8
en:shooting	8
fr:soudés	8
fr:chic	8
en:zoom	8
en:meters	8
fr:pires	8
fr:pire	8
en:fess	8
fr:chérie	8
en:tutor	8
fr:collet	8
fr:saisis	8
fr:pla	8
en:scene	8
en:bootee	8
fr:pool	8
en:saddle	8
en:what	8
fr:endettement	8
fr:pâle	8
en:cm	8
en:tartar	8
en:lessee	8
fr:chics	8
en:quick	8
fr:psi	8
en:peaky	8
en:wrapped	8
fr:serein	8
en:trestle	8
fr:lueur	8
fr:sièges	8
en:marks	8
en:nixed	8
en:picky	8
en:breeder	8
fr:agneaux	8
en:penny	8
en:pet	8
fr:penny	8
fr:recoupe	8
en:swede	8
en:bending	8
fr:hostile	8
fr:hostiles	8
en:bridges	8
fr:digue	8
en:counsel	8
en:disposal	8
fr:honoraires	8
fr:redevance	8
en:succeeded	8
en:parenting	8
en:teaching	8
en:souped	8
en:crock	8
en:fortunate	8
en:level	8
fr:piece	8
en:pl	8
en:smell	8
fr:flics	8
en:pp	8
fr:pédale	8
en:dancers	8
en:passes	8
en:pizza	8
fr:résistent	8
fr:résister	8
en:escheat	8
en:pix	8
en:fleece	8
en:porgy	8
en:beating	8
en:mentor	8
en:pencil	8
en:seated	8
en:from	8
fr:désaccord	8
en:wizard	8
en:ceded	8
en:flack	8
en:portal	8
en:seeded	8
fr:intéressée	8
fr:intéressés	8
fr:intéressées	8
en:cedars	8
en:seeders	8
en:yen	8
fr:cost	8
en:doormat	8
en:pressing	8
en:candy	8
fr:centrée	8
fr:club}}	8
fr:lorsque	8
en:revival	8
en:sponsored	8
fr:management	8
fr:lever	8
en:sunrise	8
en:censors	8
fr:pratiquer	8
en:digit	8
en:splendid	8
en:certainty	8
en:destination	8
fr:usine	8
en:factory	8
en:testimony	8
fr:désaccords	8
fr:elfes	8
en:treaty	8
fr:exercer	8
en:patrol	8
en:paranoid	8
fr:crânes	8
en:gran	8
en:treater	8
fr:ex	8
fr:excise	8
fr:strates	8
en:start	8
fr:installé	8
en:letters	8
en:entries	8
en:concealed	8
en:carder	8
en:troop	7
fr:stocks	7
fr:bet	7
fr:boudes	7
fr:joyeuse	7
fr:reed	7
en:jeep	7
fr:chines	7
fr:zooment	7
fr:bresse	7
fr:clou	7
en:lord	7
fr:dors	7
fr:lez	7
fr:dealer	7
fr:doux	7
fr:minis	7
fr:tour	7
fr:epoque	7
fr:télévisions	7
en:ticks	7
fr:presses	7
fr:central	7
fr:couine	7
fr:télévision	7
en:trawl	7
fr:racines	7
fr:racine	7
en:swing	7
en:piste	7
fr:lue	7
fr:télévisé	7
fr:amas	7
fr:étui	7
fr:berry	7
en:treat	7
en:beetroot	7
fr:amitié	7
en:bury	7
fr:clive	7
fr:ressorts	7
fr:biques	7
fr:amitiés	7
en:parks	7
fr:centrale	7
fr:cliquer	7
en:confess	7
fr:mème	7
en:crick	7
en:picks	7
en:richer	7
fr:presser	7
fr:moutons	7
en:lippy	7
fr:libye	7
en:precede	7
en:callers	7
fr:magie	7
en:softly	7
fr:contrôle	7
en:drupe	7
en:sext	7
en:tutu	7
fr:logiciel	7
en:bee	7
fr:personnel	7
fr:fut	7
fr:etait	7
en:stealer	7
fr:bridé	7
en:butcher	7
fr:enregistrer	7
fr:registre	7
en:temple	7
en:mys	7
fr:honnêteté	7
fr:enregistrée	7
en:shimmy	7
fr:courge	7
fr:mani	7
en:retired	7
en:steely	7
fr:tirer	7
en:peeve	7
en:daughters	7
fr:dont	7
en:prawn	7
en:vestry	7
fr:bic	7
en:leadership	7
fr:cab	7
fr:commentaire	7
fr:tôt	7
fr:ligués	7
fr:modernes	7
en:seamy	7
fr:sue	7
en:step	7
fr:tram	7
en:cease	7
fr:sort	7
en:disclose	7
en:distress	7
fr:tension	7
en:bled	7
fr:plaire	7
fr:plaisant	7
fr:cassé	7
en:laboratory	7
fr:atterrir	7
en:treed	7
en:closest	7
fr:dévouée	7
fr:dévoués	7
en:brawl	7
en:breakfast	7
en:casting	7
fr:mirent	7
en:prestigious	7
en:joss	7
en:bussed	7
fr:pâtit	7
en:successes	7
fr:domestiques	7
en:suspended	7
fr:environs	7
fr:qua	7
en:quack	7
fr:sorte	7
en:scripture	7
en:menace	7
fr:conte	7
fr:eddie	7
en:discovery	7
en:panties	7
fr:cabaye	7
en:permitted	7
fr:frein	7
en:manners	7
fr:gestion	7
fr:mes	7
en:chip	7
fr:rétention	7
en:larger	7
en:commie	7
en:controller	7
fr:temporaire	7
en:desperate	7
fr:inspecteur	7
fr:bauer	7
en:terrified	7
fr:seuil	7
en:fancy	7
en:provisional	7
en:anti	7
en:reasonably	7
fr:symptôme	7
en:sped	7
en:cholesterol	7
fr:assassiné	7
fr:assassinés	7
fr:sept	7
en:boundaries	7
en:capture	7
fr:coccinelle	7
fr:revendre	7
en:is	7
en:treasures	7
en:planting	7
en:redressed	7
fr:raides	7
fr:investie	7
en:lenses	7
en:template	7
en:wreaked	7
en:bastard	7
en:drafting	7
fr:haineux	7
fr:nourrir	7
en:freeze	7
en:messages	7
fr:babe	7
en:displays	7
en:textbook	7
en:twenty	7
fr:festivals	7
en:majesty	7
en:responded	7
fr:amante	7
en:amended	7
en:bonding	7
en:foreigners	7
en:parameters	7
en:frustrating	7
en:petrol	7
fr:tracer	7
en:projected	7
fr:acte	7
fr:agir	7
en:princes	7
fr:symptomatique	7
fr:nourrissant	7
en:monster	7
en:retreat	7
en:properties	7
en:depending	7
en:shelters	7
en:kindness	7
fr:queue	7
en:premises	7
fr:queues	7
en:collectively	7
en:shoulders	7
en:trousers	7
fr:rider	7
en:relative	7
en:committees	7
en:protector	7
en:losers	7
en:custody	7
en:committing	7
fr:instaurer	7
fr:cross	6
en:crosse	6
fr:mess	6
en:wee	6
fr:fortes	6
fr:forte	6
fr:verte	6
fr:tome	6
fr:boxe	6
en:scilla	6
en:moody	6
fr:boîte	6
en:routeing	6
en:tarty	6
fr:terrestre	6
fr:body	6
en:ms	6
fr:piégé	6
fr:coupé	6
fr:flou	6
fr:pigé	6
en:geed	6
fr:cool	6
en:daughter	6
fr:ondes	6
fr:bordel	6
fr:tristan	6
en:due	6
fr:énervant	6
en:titi	6
en:richest	6
en:steel	6
fr:scellé	6
fr:butin	6
fr:cul	6
en:builders	6
en:feasible	6
en:pressies	6
fr:betterave	6
fr:betteraves	6
fr:phoque	6
fr:portés	6
fr:porté	6
fr:itinéraire	6
en:sissy	6
en:genesis	6
en:grippe	6
en:skid	6
fr:ponte	6
fr:pouffe	6
en:parky	6
fr:glacière	6
fr:sauter	6
fr:bœuf	6
fr:confesse	6
fr:batte	6
en:sensible	6
fr:appuyez	6
fr:halte	6
en:concede	6
fr:bris	6
fr:litre	6
fr:éthiques	6
fr:boeuf	6
en:pinny	6
fr:semis	6
fr:cédant	6
fr:chemise	6
fr:possédé	6
fr:possédée	6
en:trues	6
fr:cependant	6
en:easel	6
fr:isole	6
fr:néanmoins	6
fr:expulser	6
fr:sandwichs	6
fr:palais	6
en:peeked	6
en:streaked	6
fr:strict	6
fr:impression	6
fr:imprimer	6
fr:imprimerie	6
en:candour	6
fr:commentant	6
en:boarders	6
en:clusters	6
fr:indie	6
en:lewis	6
en:protein	6
en:seedy	6
fr:stockent	6
fr:sermon	6
fr:attique	6
fr:répertoriés	6
en:derrick	6
en:knee	6
en:redder	6
fr:pratiqué	6
en:toddler	6
en:treasurer	6
fr:hennit	6
fr:pib	6
en:sender	6
fr:manifestants	6
en:discussed	6
fr:grill	6
fr:mêler	6
fr:bouteille	6
en:stree	6
fr:réussir	6
fr:lisez	6
en:veterinary	6
en:context	6
fr:sandwich	6
fr:surveillés	6
fr:surveillée	6
fr:surveillé	6
fr:réduit	6
fr:réduite	6
fr:commentateur	6
fr:boris	6
fr:confidentialité	6
en:cinder	6
en:freeboard	6
en:acme	6
en:brawn	6
en:cholla	6
en:collar	6
fr:amadou	6
en:pattie	6
en:larding	6
fr:centré	6
fr:pétition	6
en:produced	6
en:proudly	6
en:reasoning	6
fr:réside	6
fr:définir	6
en:singular	6
en:levee	6
en:pressers	6
en:pappy	6
en:petition	6
en:shotgun	6
en:netty	6
fr:romaine	6
en:ripped	6
en:caddy	6
en:cadi	6
fr:nam	6
en:conceit	6
fr:quand	6
en:sensation	6
en:beaked	6
fr:déportés	6
en:funding	6
fr:même	6
en:setae	6
en:counties	6
fr:déviation	6
fr:if	6
fr:coaching	6
en:simply	6
fr:essaie	6
fr:flaque	6
en:oozing	6
fr:indre	6
en:boundary	6
en:did	6
en:exon	6
en:sunset	6
en:supernatural	6
fr:décider	6
en:resource	6
en:countries	6
en:network	6
fr:envoyant	6
fr:envoi	6
fr:bits	6
en:festivals	6
en:completely	6
en:representation	6
en:eastern	6
en:residency	6
en:madding	6
en:crossover	6
en:protective	6
en:bathroom	6
en:peckers	6
fr:décris	6
fr:anneaux	6
en:scoop	6
en:matter	6
en:causes	6
fr:phobie	6
en:restoring	6
en:boarding	6
fr:sim	5
fr:terry	5
fr:boss	5
en:booed	5
fr:pd	5
en:gip	5
en:stem	5
en:stressful	5
fr:soudée	5
fr:skis	5
fr:comme	5
en:betta	5
en:mallee	5
fr:beck	5
fr:grief	5
en:sleep	5
en:levy	5
fr:moussent	5
fr:hit	5
en:meany	5
en:peaceful	5
en:blued	5
en:fila	5
en:pest	5
fr:parie	5
fr:grès	5
en:cruck	5
en:very	5
en:dele	5
fr:jin	5
fr:lecteur	5
en:seaport	5
en:disprove	5
en:forked	5
fr:jugés	5
fr:élan	5
fr:délivré	5
en:beanie	5
fr:coups	5
fr:ressentir	5
fr:crotte	5
fr:caca	5
fr:tombée	5
en:sport	5
fr:tombé	5
fr:connue	5
fr:connus	5
fr:terreur	5
fr:coqs	5
fr:arrogant	5
en:surrender	5
fr:systèmes	5
fr:connues	5
fr:aile	5
en:looter	5
fr:émise	5
en:mm	5
fr:couper	5
en:crease	5
fr:crystal	5
fr:secteurs	5
fr:côté	5
fr:côtés	5
fr:secteur	5
en:vendors	5
en:vendor	5
fr:attester	5
en:maxed	5
en:pally	5
en:but	5
fr:mailles	5
fr:maillage	5
en:tipi	5
fr:attesté	5
fr:griefs	5
fr:pieds	5
fr:coquine	5
fr:enseignant	5
fr:russell	5
fr:actives	5
fr:attestée	5
en:breed	5
fr:deuil	5
fr:concède	5
en:corset	5
fr:frêne	5
fr:cristal	5
fr:président	5
fr:maille	5
fr:saisir	5
en:region	5
fr:paies	5
en:seaboard	5
fr:connaître	5
fr:hérétique	5
fr:russel	5
fr:cols	5
fr:colle	5
fr:fixe	5
en:envy	5
fr:ministères	5
en:merger	5
en:neater	5
fr:ève	5
fr:chef	5
en:bender	5
fr:talk	5
fr:brisant	5
en:khaki	5
en:talkers	5
en:becks	5
en:cist	5
en:cyst	5
en:disport	5
fr:vista	5
fr:stockés	5
en:vending	5
fr:camille	5
fr:rouillé	5
fr:dentiste	5
fr:célébrité	5
fr:culture	5
fr:rendre	5
fr:ferait	5
fr:west	5
en:wed	5
fr:croque	5
fr:foncés	5
fr:heureusement	5
fr:préserve	5
en:irked	5
fr:ministère	5
en:medal	5
fr:osent	5
en:prosperity	5
en:rummy	5
fr:fixent	5
fr:gourmande	5
fr:gourmands	5
fr:gourmand	5
en:macks	5
en:macs	5
fr:malade	5
en:fending	5
fr:conserver	5
fr:wonder	5
fr:équipé	5
en:tightly	5
en:awed	5
en:deader	5
fr:ethniques	5
en:freebie	5
fr:fripé	5
fr:cuisinier	5
fr:autonomie	5
en:forks	5
en:leaky	5
fr:bêtement	5
en:mashie	5
fr:imprimé	5
fr:scission	5
en:couture	5
en:phrases	5
en:reprove	5
fr:personnalisé	5
fr:personnalisée	5
fr:stries	5
en:strep	5
fr:célébrités	5
en:aster	5
en:disorder	5
en:lieder	5
en:pardon	5
fr:css	5
fr:cuba	5
en:constructive	5
fr:troupeaux	5
en:wending	5
fr:vue	5
fr:rochers	5
fr:vétéran	5
en:porters	5
fr:pertes	5
fr:conférencier	5
fr:pluriel	5
en:secretly	5
fr:bataillon	5
fr:acmé	5
en:despite	5
fr:précisément	5
en:granted	5
fr:demandée	5
fr:demandé	5
fr:sollicité	5
fr:ses	5
fr:citer	5
fr:aperçu	5
fr:arrestation	5
fr:essentiellement	5
fr:traite	5
en:prostate	5
fr:actif	5
en:cancer	5
fr:hier	5
fr:densité	5
fr:description	5
en:endorsed	5
fr:signifier	5
fr:proximité	5
fr:gracieusement	5
fr:pourvoi	5
fr:ici	5
fr:dévoué	5
fr:ème	5
fr:reçoivent	5
fr:recevez	5
fr:tensions	5
fr:errer	5
fr:merveille	5
fr:quantum	5
en:legendary	5
en:newsletter	5
en:order	5
fr:adresses	5
fr:son	5
fr:tourisme	5
fr:limbes	5
fr:salut	5
fr:ronge	5
fr:divins	5
fr:papy	5
fr:produit	5
fr:produits	5
en:transmit	5
fr:prof	5
fr:nettes	5
fr:noter	5
fr:habilement	5
en:spree	5
en:tauter	5
fr:biffes	5
fr:toiture	5
fr:vicente	5
fr:aidé	5
fr:gagnée	5
fr:doyen	5
fr:shin	5
fr:dos	5
fr:semaine	5
en:foremen	5
en:possibly	5
en:praetor	5
en:subtle	5
fr:conventionnel	5
fr:trading	5
fr:acné	5
en:classroom	5
fr:toto	5
en:misty	5
fr:vaquent	5
en:pecked	5
fr:inattendue	5
fr:inattendu	5
fr:imprévisible	5
en:peewee	5
fr:arrestations	5
fr:adresse	5
fr:ace	5
en:shattered	5
en:suspected	5
fr:grenier	5
fr:temporaires	5
fr:tiquer	5
fr:tireur	5
fr:quantique	5
fr:repos	5
en:eldest	5
en:exchanges	5
en:promoted	5
fr:cette	5
fr:démence	5
en:suggest	5
en:feathers	5
fr:coachs	5
fr:décident	5
fr:décidez	5
en:pectin	5
fr:essayez	5
fr:entrer	5
fr:déduit	5
en:flick	5
fr:pestes	5
en:desist	5
fr:liant	5
fr:contraignant	5
fr:reliure	5
fr:grimper	5
en:several	5
fr:érigée	5
fr:érigé	5
en:provision	5
en:seventy	5
fr:portraits	5
en:decisive	5
en:oldest	5
en:printer	5
en:ripply	5
fr:clips	5
en:switching	5
fr:mains	5
fr:entré	5
fr:reportée	5
fr:ferré	5
fr:eiffel	5
en:forces	5
en:grounded	5
fr:ambitieuse	5
en:restive	5
fr:négoce	5
fr:négociation	5
fr:désireux	5
en:excel	5
en:flooded	5
en:secondly	5
en:strategy	5
fr:flemme	5
fr:auxiliaire	5
en:decreasing	5
en:internet	5
fr:djihad	5
fr:infligé	5
fr:enragé	5
fr:désir	5
fr:malicieux	5
fr:abeille	5
fr:touriste	5
fr:abeilles	5
en:reinforced	5
fr:rien	5
fr:détruits	5
fr:particuliers	5
fr:clique	5
fr:facturation	5
fr:phobique	5
en:forby	5
fr:soldat	5
fr:dif	5
fr:romains	5
fr:cliques	5
en:disturbing	5
en:examination	5
en:trademark	5
en:quiz	5
en:penguin	5
en:exclusion	5
fr:tea	4
fr:donne	4
fr:faire	4
fr:tel	4
fr:beat	4
fr:nas	4
en:naught	4
fr:nota	4
fr:tati	4
en:bawdry	4
fr:bean	4
fr:fourrés	4
fr:chinoise	4
en:freaky	4
en:freak	4
fr:notre	4
fr:pilé	4
fr:tendues	4
fr:octave	4
fr:meeting	4
fr:sil	4
fr:cils	4
en:legs	4
fr:patte	4
fr:moues	4
fr:moue	4
fr:cellier	4
fr:cave	4
fr:pendre	4
en:tryst	4
en:dealer	4
fr:croît	4
fr:ist	4
en:sics	4
en:titre	4
fr:trop	4
fr:fall	4
fr:crète	4
en:creek	4
fr:feeling	4
fr:pourpre	4
fr:béni	4
en:quin	4
fr:tai	4
fr:corner	4
fr:biche	4
fr:battez	4
fr:jurassic	4
fr:attrapé	4
fr:capturé	4
en:net	4
fr:lille	4
fr:escouade	4
fr:sylvestre	4
fr:cloué	4
en:eave	4
fr:klein	4
en:preset	4
fr:vraiment	4
fr:réellement	4
fr:véritablement	4
fr:sentir	4
en:creamy	4
fr:qui	4
en:rapt	4
en:pooch	4
fr:bistro	4
fr:clauses	4
fr:épreuve	4
en:frieze	4
en:jack	4
en:cruse	4
fr:tomber	4
fr:automne	4
fr:pourrais	4
fr:pouvait	4
fr:pourrait	4
fr:coin	4
fr:aimant	4
fr:amar	4
en:masher	4
fr:piscine	4
fr:cools	4
en:crass	4
fr:prouvent	4
en:feller	4
en:legion	4
fr:chenal	4
en:reason	4
fr:pression	4
en:clawed	4
en:crest	4
fr:maximum	4
fr:régie	4
en:rushy	4
en:ditty	4
fr:bis	4
fr:cookie	4
fr:roll	4
fr:logiciels	4
fr:classic	4
en:dorky	4
en:tourney	4
en:wedgie	4
en:crus	4
fr:mental	4
en:teachers	4
fr:temple	4
fr:traitée	4
fr:mienne	4
en:debris	4
fr:diesel	4
fr:sec	4
fr:terne	4
fr:maximale	4
fr:ooh	4
en:ceremonies	4
fr:métalliques	4
fr:expédiés	4
fr:expédié	4
fr:dernier	4
fr:dernières	4
fr:treillis	4
fr:tourelle	4
en:otic	4
fr:mentale	4
fr:brille	4
en:duchess	4
fr:costard	4
fr:costume	4
fr:gratuits	4
fr:résiste	4
fr:biais	4
fr:lentille	4
en:rending	4
en:anatomy	4
fr:pouvez	4
fr:détecteur	4
fr:capteur	4
en:centaur	4
fr:écrite	4
fr:annie	4
en:mealie	4
en:tram	4
fr:clope	4
fr:défenseur	4
en:broch	4
en:brock	4
fr:braque	4
fr:écrites	4
fr:classique	4
fr:classiques	4
en:droop	4
fr:toison	4
fr:créateurs	4
fr:oú	4
fr:bagarre	4
fr:kiss	4
fr:michele	4
fr:josse	4
fr:gilet	4
fr:pac	4
fr:neutre	4
fr:neutres	4
fr:neutralité	4
fr:spin	4
fr:partiellement	4
en:discreet	4
en:honors	4
fr:vexé	4
fr:offensé	4
fr:motif	4
en:converted	4
fr:biblique	4
fr:membres	4
fr:membre	4
en:discovering	4
fr:mature	4
fr:enlèvent	4
fr:prêteur	4
en:scattered	4
fr:délire	4
fr:braquer	4
fr:randy	4
fr:victime	4
en:excluded	4
fr:exclues	4
en:frontier	4
fr:meuse	4
fr:exposées	4
fr:pen	4
en:performer	4
en:setup	4
fr:plaidé	4
en:epoch	4
fr:fonctionnalité	4
fr:exclut	4
en:flak	4
fr:libertés	4
fr:paca	4
fr:soixante	4
fr:auguste	4
en:controllers	4
en:endive	4
fr:sensible	4
en:spleen	4
en:blot	4
fr:mortels	4
fr:mortel	4
fr:soulage	4
en:honoured	4
fr:effrayé	4
fr:augustins	4
en:textile	4
fr:ais	4
fr:suggéré	4
fr:proposé	4
fr:présidée	4
fr:préfet	4
fr:augustin	4
fr:éveil	4
fr:anti	4
fr:under	4
en:shelly	4
en:meaningful	4
fr:préposé	4
en:shit	4
fr:mendes	4
fr:maturité	4
fr:gaz	4
fr:brièvement	4
fr:bella	4
fr:âgées	4
en:dickey	4
en:dickie	4
fr:aînés	4
en:fastest	4
en:receptor	4
fr:mens	4
en:electron	4
fr:investi	4
fr:investis	4
en:landlord	4
fr:récupérés	4
fr:récupéré	4
fr:bottes	4
fr:botte	4
fr:dépasse	4
fr:meneurs	4
fr:flous	4
fr:inondation	4
fr:inondations	4
fr:moteur	4
en:pesty	4
fr:floues	4
fr:aiguille	4
fr:fraise	4
fr:montées	4
fr:evil	4
fr:partielles	4
fr:fraises	4
fr:seniors	4
fr:mineure	4
en:ranger	4
fr:géode	4
fr:inonder	4
en:righteous	4
en:lipped	4
en:deciding	4
fr:moteurs	4
fr:gazeux	4
fr:bourdon	4
fr:matches	4
en:perspective	4
fr:rats	4
fr:précisant	4
en:suffered	4
fr:quantités	4
fr:tonne	4
fr:lieux	4
fr:botté	4
fr:saccagé	4
fr:raquette	4
fr:restantes	4
en:landed	4
fr:correspondances	4
fr:restants	4
en:drawl	4
fr:prévisibles	4
fr:prestataires	4
fr:randall	4
fr:existence	4
fr:agaçant	4
fr:poignard	4
en:boarded	4
fr:sels	3
en:tee	3
en:pair	3
fr:stockes	3
en:share	3
fr:chères	3
en:she	3
en:dawn	3
en:rev	3
fr:toutes	3
en:fair	3
en:fare	3
en:norm	3
fr:bines	3
fr:gueux	3
fr:court	3
fr:fraîches	3
fr:sais	3
fr:boom	3
fr:marly	3
en:fetter	3
fr:fêter	3
en:nu	3
fr:zoom	3
fr:binent	3
en:fawn	3
fr:true	3
en:zoo	3
en:enemy	3
fr:ennemies	3
en:flew	3
fr:mythique	3
en:met	3
fr:mettes	3
en:moolah	3
fr:moulé	3
fr:chanvre	3
fr:zèle	3
en:cream	3
fr:crimes	3
fr:slip	3
en:esteem	3
fr:estiment	3
fr:friche	3
en:moo	3
fr:moulage	3
en:mu	3
fr:tribunal	3
en:treader	3
fr:traité	3
fr:courts	3
en:cc	3
en:corps	3
fr:cor	3
en:creak	3
en:heir	3
fr:loués	3
en:sealer	3
en:teller	3
fr:wee	3
en:benny	3
fr:queen	3
en:meal	3
fr:milles	3
fr:stresser	3
fr:recherchée	3
fr:recherché	3
fr:sexy	3
fr:prouver	3
fr:ancien	3
fr:ancienne	3
fr:formulaire	3
fr:élans	3
fr:dat	3
fr:boum	3
en:least	3
fr:listes	3
fr:mi	3
fr:hâte	3
fr:péri	3
en:perry	3
fr:vrais	3
en:about	3
fr:forma	3
en:pea	3
fr:filon	3
fr:coutures	3
fr:veine	3
fr:enroulé	3
fr:football	3
fr:client	3
fr:hommes	3
fr:boument	3
en:sorta	3
en:sorter	3
en:started	3
fr:statistique	3
fr:recette	3
en:vex	3
en:cosset	3
fr:cassette	3
fr:dus	3
fr:teddy	3
en:reservoir	3
en:result	3
fr:bride	3
fr:colline	3
fr:formulaires	3
fr:mensuel	3
fr:mensuels	3
fr:mensuelle	3
fr:présidente	3
fr:reine	3
en:butty	3
fr:bâti	3
fr:fêlé	3
fr:piégée	3
en:fenny	3
fr:finis	3
fr:liée	3
fr:région	3
fr:magique	3
fr:inégale	3
en:rapport	3
fr:répond	3
fr:reculer	3
fr:due	3
en:at	3
fr:center	3
fr:centre	3
fr:chats	3
fr:hits	3
fr:mythes	3
fr:clientèle	3
fr:butler	3
fr:rend	3
en:why	3
fr:crack	3
en:ecru	3
fr:écrou	3
fr:film	3
en:lee	3
fr:lits	3
en:ml	3
fr:australie	3
fr:poterie	3
fr:patron	3
fr:bénéfice	3
fr:avantage	3
fr:prestation	3
fr:crasse	3
fr:était	3
fr:prédicateur	3
en:tiller	3
fr:magiques	3
fr:coriace	3
fr:résonne	3
fr:cinématographique	3
fr:situés	3
en:preen	3
fr:recherchés	3
fr:dicté	3
fr:cinématographiques	3
fr:fourche	3
en:tedder	3
fr:téter	3
en:boarder	3
fr:couplée	3
fr:couplé	3
fr:tige	3
en:rapidly	3
fr:répit	3
fr:flic	3
fr:précédente	3
en:sentry	3
fr:passes	3
fr:turpin	3
fr:nécessitant	3
fr:professeur	3
en:setting	3
fr:amicale	3
fr:sympathique	3
fr:convivial	3
fr:amical	3
fr:particules	3
fr:nounours	3
en:ethnicity	3
en:faster	3
fr:fats	3
fr:sembler	3
fr:bee	3
fr:revolver	3
fr:pizza	3
fr:mentor	3
fr:griller	3
fr:mêlée	3
en:mealy	3
fr:fraîcheur	3
fr:fraiche	3
fr:controverse	3
fr:strip	3
fr:désastre	3
fr:particule	3
fr:contrôler	3
en:edit	3
fr:will	3
fr:goûté	3
fr:menteuse	3
fr:majordome	3
fr:controverses	3
fr:constructive	3
fr:aïd	3
fr:pratiquée	3
fr:estimations	3
fr:port	3
fr:suédois	3
fr:désastres	3
fr:adama	3
en:beading	3
en:conclude	3
fr:maitresse	3
fr:maîtresse	3
fr:estimation	3
fr:friponne	3
fr:secrétaire	3
fr:actu	3
fr:métrique	3
en:coot	3
fr:matrix	3
fr:obtenir	3
en:perform	3
fr:désastreux	3
en:creature	3
en:creatures	3
fr:égide	3
fr:fondé	3
fr:fondée	3
en:over	3
fr:avez	3
en:acid	3
fr:assistante	3
en:consumers	3
fr:domestique	3
fr:controversé	3
en:rotter	3
fr:cancer	3
fr:passe	3
fr:barbecue	3
fr:secrétaires	3
en:domestic	3
fr:obtenez	3
fr:conseil	3
fr:sponsorisé	3
fr:enlevée	3
fr:destructeur	3
fr:destructrice	3
fr:existant	3
fr:congé	3
fr:frappé	3
fr:réduites	3
fr:consommateur	3
fr:détritus	3
fr:litière	3
fr:portée	3
fr:imbécile	3
fr:idiot	3
fr:bouffon	3
fr:paquet	3
fr:pointé	3
fr:pointu	3
fr:tandem	3
fr:redonne	3
fr:redoute	3
en:crossing	3
fr:inscrits	3
fr:enregistrés	3
fr:limbourg	3
fr:sponsoring	3
en:terrific	3
fr:tord	3
en:protection	3
en:sexed	3
fr:matrices	3
fr:volonté	3
fr:fera	3
fr:propagation	3
fr:étalement	3
fr:répandre	3
en:auras	3
fr:horace	3
fr:paon	3
fr:seat	3
fr:distinctes	3
fr:refusé	3
fr:refusée	3
en:douche	3
fr:douches	3
fr:frapper	3
fr:extrait	3
fr:splendide	3
en:canoes	3
en:cartoon	3
fr:gand	3
fr:fondue	3
fr:joli	3
fr:jolie	3
fr:jolies	3
en:weeks	3
fr:défaire	3
fr:pixel	3
fr:matrice	3
en:supervisor	3
fr:soupers	3
en:acne	3
fr:classes	3
fr:atteignant	3
fr:moniteur	3
fr:instructeur	3
en:creativity	3
fr:carter	3
en:exercises	3
fr:entrepreneur	3
fr:mandataire	3
fr:syndic	3
fr:vaudou	3
en:ricked	3
fr:secrétariat	3
en:autumn	3
fr:indemnités	3
en:bracelet	3
fr:prés	3
fr:jugé	3
fr:signifie	3
fr:texture	3
en:policeman	3
fr:polis	3
fr:sincérité	3
fr:armoire	3
en:detected	3
fr:coûteuse	3
en:remedies	3
fr:remet	3
fr:avoué	3
fr:rétracter	3
fr:coûteux	3
fr:coûteuses	3
en:processor	3
fr:promises	3
fr:honnêtes	3
fr:inside	3
fr:discuter	3
fr:discussion	3
fr:splendides	3
fr:plumes	3
fr:obtenu	3
en:describe	3
fr:apparut	3
en:maternal	3
fr:matin	3
fr:ports	3
fr:devraient	3
fr:apparu	3
fr:assistée	3
fr:fixes	3
en:kidney	3
fr:promesses	3
fr:bussy	3
en:posters	3
fr:poussent	3
en:potentially	3
en:respectively	3
fr:respectes	3
en:any	3
fr:haie	3
fr:évite	3
fr:conducteur	3
fr:puerto	3
en:promoting	3
fr:précédentes	3
fr:brise	3
en:braes	3
fr:maladies	3
fr:promesse	3
fr:professeurs	3
fr:profs	3
fr:saisonnier	3
fr:lucky	3
fr:imprimante	3
fr:saisonnière	3
fr:trader	3
fr:divertissement	3
fr:pixels	3
fr:sweat	3
fr:détacher	3
fr:tennis	3
fr:saisonniers	3
fr:paranoïa	3
fr:paranoïaque	3
fr:instructeurs	3
fr:secondaires	3
fr:secondaire	3
fr:évitée	3
fr:forçant	3
fr:forcer	3
fr:gran	3
fr:accompagnement	3
fr:restaurée	3
fr:rétabli	3
fr:restauré	3
fr:diacre	3
fr:commerçants	3
fr:négociants	3
fr:excision	3
fr:grande	3
fr:deuxième	3
fr:posséder	3
fr:possèdent	3
fr:démarrer	3
fr:démarre	3
fr:transpirer	3
fr:transpire	3
fr:courtiers	3
fr:buter	3
en:suffers	3
en:blip	3
fr:plèbe	3
fr:classe	3
fr:attraits	3
fr:livrer	3
fr:jaunes	3
en:meantime	3
fr:minent	3
fr:pégase	3
fr:soigné	3
fr:achetée	3
fr:courtes	3
fr:diminuer	3
en:jeered	3
fr:viril	3
fr:baux	3
en:prefers	3
en:qualities	3
fr:versus	3
fr:gentiment	3
en:rennet	3
fr:rainette	3
fr:détruite	3
fr:mixte	3
fr:étranger	3
fr:etranger	3
fr:bloqués	3
fr:détruites	3
fr:arras	3
en:dodgers	3
fr:infante	3
en:landing	3
en:cording	3
fr:comptine	3
en:atoll	3
fr:peuvent	3
en:reinforce	3
en:respectful	3
fr:respectent	3
fr:partenaires	3
fr:dissimulé	3
fr:dissimulée	3
en:forepeak	3
fr:abrégé	3
fr:macho	3
en:paddy	3
en:conic	3
fr:racket	3
fr:pastore	3
fr:descente	3
fr:masculine	3
fr:descendre	3
fr:détruit	3
en:sidewalk	3
fr:restrictive	3
en:lopped	3
en:abilities	3
fr:épilent	3
fr:douloureuses	3
fr:douloureux	3
fr:détruire	3
fr:douloureuse	3
fr:politesse	3
fr:inconnus	3
en:quitting	3
fr:cuit	3
en:portrayed	3
fr:œuf	3
fr:actuels	3
en:commodities	3
fr:comment	3
fr:lustre	3
fr:maintenance	3
fr:installée	3
en:producer	3
fr:bonnes	2
fr:bonne	2
fr:born	2
fr:tres	2
en:lease	2
fr:lys	2
fr:père	2
en:check	2
fr:tchèques	2
fr:tchèque	2
fr:chère	2
fr:chient	2
fr:féminin	2
fr:aimez	2
fr:rêvent	2
fr:prouvée	2
fr:allen	2
fr:faites	2
fr:pères	2
en:bless	2
fr:blesse	2
fr:prouvant	2
en:rule	2
fr:roule	2
fr:roulé	2
en:ruler	2
en:keck	2
fr:nomment	2
fr:féminine	2
en:cerise	2
fr:cerise	2
en:knew	2
fr:note	2
en:new	2
en:newer	2
fr:baba	2
fr:bondir	2
en:cell	2
fr:phones	2
fr:égyptien	2
fr:égypte	2
en:sell	2
fr:trousse	2
fr:fric	2
en:peeler	2
en:flesh	2
fr:flèches	2
fr:flèche	2
en:meting	2
fr:réunion	2
en:scoot	2
fr:scout	2
fr:scouts	2
fr:lord	2
fr:naître	2
en:cedi	2
en:cede	2
fr:crime	2
fr:fers	2
fr:pour	2
fr:jambes	2
fr:cuisse	2
en:anise	2
fr:dealers	2
en:eating	2
fr:groupés	2
fr:titre	2
en:pled	2
fr:roulent	2
fr:rouvert	2
en:rupee	2
fr:roupies	2
en:cleek	2
fr:clics	2
fr:pendus	2
fr:bénir	2
en:cruet	2
fr:lui	2
fr:fixé	2
en:around	2
fr:round	2
fr:coulis	2
fr:coulait	2
fr:han	2
fr:für	2
fr:list	2
en:masque	2
fr:masque	2
fr:mie	2
en:peri	2
fr:perry	2
fr:ébattent	2
fr:couvrant	2
en:rale	2
fr:réel	2
fr:crimée	2
en:kea	2
fr:onde	2
en:key	2
fr:malone	2
fr:réunions	2
en:peel	2
fr:piles	2
fr:pile	2
en:pillar	2
fr:emballé	2
fr:enveloppé	2
fr:savaient	2
fr:historique	2
fr:historiques	2
fr:exhorte	2
fr:friqués	2
en:lb	2
fr:loc	2
fr:mou	2
en:pasha	2
fr:péché	2
en:peep	2
fr:pipe	2
fr:pipes	2
en:prev	2
fr:preuve	2
fr:choc	2
fr:poule	2
fr:sauts	2
fr:statistiques	2
en:creaky	2
fr:désirer	2
fr:vider	2
fr:vidé	2
fr:marks	2
fr:marques	2
fr:vexent	2
fr:cassettes	2
fr:textiles	2
en:silt	2
fr:celtes	2
fr:agrandir	2
fr:collines	2
fr:corset	2
fr:plaidoyer	2
fr:dla	2
fr:libyen	2
fr:libyens	2
fr:taillée	2
en:verey	2
fr:verrez	2
fr:lesdits	2
en:marshy	2
en:peas	2
en:pease	2
fr:répondez	2
fr:saute	2
fr:voulu	2
en:noil	2
fr:noël	2
fr:sautant	2
fr:titré	2
en:deeply	2
fr:dits	2
fr:appât	2
en:forty	2
fr:voter	2
en:rishi	2
fr:régis	2
fr:régit	2
fr:disant	2
en:decked	2
fr:chocs	2
en:kookie	2
fr:cookies	2
en:kooky	2
fr:répondant	2
fr:foule	2
fr:libyenne	2
fr:leurre	2
en:pluck	2
fr:plaque	2
fr:tuteur	2
fr:précepteur	2
fr:poteries	2
en:parlor	2
en:parlour	2
fr:stricte	2
fr:choquée	2
en:lauding	2
fr:maternelle	2
en:prick	2
fr:briques	2
fr:skate	2
fr:créneaux	2
fr:demain	2
fr:termine	2
fr:lisieux	2
en:plot	2
fr:plastique	2
fr:plastiques	2
fr:couinent	2
fr:extrême	2
fr:extrêmes	2
fr:odeur	2
en:breve	2
fr:prive	2
fr:finie	2
en:fifteen	2
fr:odeurs	2
fr:tentée	2
en:done	2
fr:épicé	2
fr:graisses	2
fr:frégate	2
fr:lit	2
fr:punaise	2
en:prizes	2
en:recruit	2
fr:recrute	2
fr:gamin	2
fr:connait	2
fr:éleveur	2
fr:séquelles	2
en:exotic	2
fr:exact	2
en:otters	2
fr:hôtesse	2
en:trashy	2
fr:trachée	2
en:arsing	2
fr:assigne	2
en:grille	2
fr:marque	2
en:miller	2
en:pallor	2
fr:strictes	2
fr:du	2
fr:de	2
fr:depuis	2
en:condemn	2
fr:industrielles	2
fr:industriels	2
fr:latter	2
fr:pareillement	2
en:mad	2
fr:médecine	2
en:receipt	2
fr:résistance	2
fr:hache	2
fr:libère	2
en:creel	2
en:lauder	2
fr:ledit	2
fr:médicaux	2
fr:taux	2
en:on	2
en:conclusion	2
fr:colloque	2
en:debating	2
fr:tibet	2
fr:hainaut	2
fr:dégoûtant	2
en:decorative	2
fr:décret	2
fr:pinot	2
fr:arriere	2
fr:résonner	2
fr:répugnant	2
fr:dégueulasse	2
fr:égaré	2
en:feedback	2
en:gorgeous	2
fr:godes	2
fr:yen	2
fr:arête	2
fr:frissons	2
en:clot	2
fr:occase	2
fr:occitan	2
fr:cité	2
fr:descriptions	2
en:escort	2
fr:escorte	2
fr:connaissant	2
en:treasury	2
fr:deux	2
en:caressed	2
en:caress	2
fr:étincelle	2
fr:voyante	2
fr:midi	2
fr:breveté	2
en:seventeen	2
fr:omis	2
en:belling	2
fr:mailing	2
en:bedding	2
fr:bedaine	2
en:dippy	2
fr:dépit	2
fr:air	2
en:fantastic	2
fr:papes	2
fr:scrute	2
fr:sceptre	2
fr:tonner	2
fr:tonnerre	2
en:chock	2
fr:zeitung	2
fr:correspondante	2
fr:enchaînement	2
fr:distincts	2
fr:extraits	2
en:krill	2
en:belly	2
en:canoed	2
fr:réunis	2
fr:traces	2
fr:trace	2
fr:présume	2
en:automatic	2
fr:hautement	2
fr:manque	2
fr:blé	2
fr:requins	2
fr:constituante	2
en:compression	2
en:macaw	2
fr:mégots	2
en:packs	2
fr:paquets	2
en:pax	2
en:preferably	2
en:medicine	2
fr:requin	2
fr:rives	2
en:dancer	2
fr:aire	2
en:reckon	2
fr:paie	2
fr:indemnité	2
fr:biberon	2
en:mothers	2
fr:rappeur	2
en:disgrace	2
en:mention	2
fr:matinée	2
fr:cessé	2
fr:levier	2
en:titty	2
fr:cesse	2
en:tesla	2
fr:déceler	2
en:breeze	2
fr:jeté	2
en:monetary	2
fr:menait	2
en:portly	2
fr:pote	2
en:sheared	2
fr:géo	2
en:sheered	2
en:basket	2
fr:aérien	2
fr:respectés	2
en:alumni	2
fr:chemisent	2
fr:restaurer	2
fr:attack	2
en:sliding	2
fr:soient	2
fr:relégué	2
en:mortality	2
en:pentagon	2
fr:cesser	2
fr:repoussée	2
fr:automatique	2
fr:ambitieux	2
fr:retirées	2
fr:attaque	2
en:bloop	2
fr:tarbes	2
en:canal	2
fr:quenelle	2
fr:criant	2
fr:pérou	2
en:basketball	2
fr:masquent	2
en:beady	2
en:beamy	2
fr:jihad	2
fr:gestionnaire	2
fr:rustique	2
fr:wang	2
fr:médoc	2
en:registry	2
en:expose	2
fr:exposent	2
en:largest	2
fr:mixtes	2
en:distributor	2
fr:céréales	2
en:pursuit	2
fr:guillaume	2
fr:nada	2
en:lapped	2
fr:laps	2
en:releases	2
fr:relis	2
fr:facture	2
fr:facilitée	2
fr:hic	2
fr:evreux	2
en:firstly	2
fr:foncent	2
fr:pattes	2
en:specks	2
en:specs	2
fr:sphinx	2
fr:faciles	2
en:nonetheless	2
fr:naines	2
fr:conique	2
fr:melun	2
en:accessories	2
fr:djihadistes	2
fr:ric	2
fr:ooo	2
fr:sucreries	2
fr:troisieme	2
fr:rick	2
en:sensing	2
fr:loft	2
fr:choisir	2
fr:chose	2
fr:choisie	2
en:realities	2
fr:rallient	2
fr:attila	2
fr:chili	2
fr:chilien	2
fr:ascenseur	2
fr:ascenseurs	2
en:tree	1
fr:luce	1
fr:isa	1
fr:chienne	1
fr:rêver	1
fr:caro	1
fr:borné	1
fr:rêvé	1
fr:blesser	1
fr:lumière	1
fr:prouvé	1
fr:rêve	1
fr:rêvant	1
en:roost	1
fr:rouste	1
fr:rousse	1
fr:aime	1
fr:aimé	1
fr:file	1
fr:fichier	1
fr:cake	1
fr:gâteau	1
fr:nommé	1
fr:padre	1
fr:fichiers	1
fr:norme	1
fr:règles	1
fr:boudent	1
fr:bouché	1
fr:fronde	1
fr:cakes	1
fr:gâteaux	1
en:carport	1
fr:capote	1
fr:capot	1
fr:prieur	1
fr:célébré	1
fr:griffe	1
fr:nommés	1
fr:zoome	1
fr:téléphones	1
fr:fraîchement	1
fr:tata	1
en:truce	1
fr:prieuré	1
en:ea	1
fr:hi	1
fr:hai	1
fr:fief	1
fr:perdue	1
fr:chien	1
en:sherry	1
fr:chéri	1
en:technique	1
fr:techniques	1
fr:technique	1
en:bream	1
fr:brime	1
fr:ennemis	1
fr:mette	1
en:shoo	1
fr:tours	1
fr:tourner	1
fr:cid	1
fr:célébrer	1
fr:brulé	1
en:niche	1
fr:niches	1
fr:niche	1
fr:thés	1
fr:doués	1
fr:ennemi	1
fr:fie	1
fr:célébrée	1
en:group	1
fr:groupes	1
en:mall	1
fr:molle	1
fr:moussa	1
fr:parmis	1
fr:noue	1
fr:nou	1
fr:tournée	1
fr:agréé	1
fr:phone	1
fr:téléphone	1
en:kiwi	1
fr:kiwis	1
fr:kivu	1
fr:havane	1
fr:rouages	1
fr:traités	1
fr:bosses	1
en:boutique	1
fr:boutiques	1
fr:boutique	1
en:busk	1
fr:basque	1
fr:basques	1
fr:colorée	1
fr:colorés	1
en:deli	1
fr:délits	1
en:dram	1
fr:drame	1
fr:drames	1
en:lulu	1
fr:loulou	1
fr:perdu	1
fr:scellés	1
fr:tourne	1
en:crees	1
fr:crise	1
fr:crises	1
fr:croûte	1
en:flam	1
fr:flammes	1
fr:flamme	1
fr:coloré	1
fr:prêcher	1
fr:bénis	1
fr:bethléem	1
fr:nette	1
fr:zoo	1
fr:round}	1
fr:blessant	1
en:combe	1
fr:commet	1
fr:commettre	1
fr:dotée	1
fr:bénin	1
fr:directeurs	1
en:coolie	1
en:coolly	1
fr:ennemie	1
fr:masqué	1
fr:notent	1
fr:notée	1
fr:poneys	1
fr:saigné	1
fr:spot	1
en:butter	1
fr:beauté	1
fr:beautés	1
en:cask	1
fr:casque	1
fr:casques	1
en:creepy	1
fr:crépi	1
fr:mœurs	1
fr:fiefs	1
fr:perde	1
fr:perd	1
fr:véritable	1
fr:zoologique	1
fr:criminel	1
fr:criminalité	1
en:led	1
fr:laide	1
fr:ted	1
fr:roues	1
fr:chies	1
fr:chie	1
fr:étranglé	1
en:breech	1
fr:tas	1
fr:ailes	1
en:ls	1
fr:putschs	1
fr:putsch	1
en:precess	1
fr:princesse	1
fr:princess	1
fr:réelle	1
fr:crevé	1
en:trews	1
en:express	1
fr:expresse	1
fr:express	1
fr:péchés	1
fr:soudain	1
fr:boucle	1
en:cotta	1
en:cottar	1
en:cotter	1
en:cutter	1
en:floored	1
fr:flotte	1
fr:melissa	1
en:frizz	1
fr:preuves	1
en:roulette	1
fr:roulette	1
fr:roulettes	1
fr:bouclé	1
en:feeder	1
fr:vestes	1
fr:vêtue	1
fr:vends	1
en:vita	1
fr:watt	1
fr:watts	1
en:bloc	1
fr:bloc	1
fr:blocus	1
en:broom	1
fr:brume	1
fr:bruyante	1
en:divvy	1
fr:devis	1
fr:devenez	1
fr:mâcher	1
fr:mâchoires	1
fr:voir	1
fr:cinétique	1
fr:celtique	1
fr:statistiquement	1
fr:mûrs	1
en:demy	1
fr:demi	1
fr:kay	1
fr:liste	1
fr:note}}	1
fr:pécheurs	1
fr:demeurer	1
en:tardy	1
fr:tandis	1
fr:daté	1
fr:tito	1
en:vender	1
fr:vertu	1
fr:bâtit	1
en:fella	1
en:fellah	1
en:laddie	1
en:peppy	1
fr:pépie	1
fr:pépé	1
fr:répondre	1
fr:souhaiter	1
fr:traitées	1
en:wheeler	1
fr:huilé	1
en:accursed	1
fr:écosystème	1
fr:écosystèmes	1
fr:boulet	1
en:budge	1
fr:badge	1
fr:badges	1
fr:aimés	1
fr:cellulaires	1
fr:tania	1
fr:nrj	1
en:not	1
fr:natte	1
fr:nat	1
fr:ouah	1
fr:verrou	1
fr:pliée	1
fr:insulaires	1
fr:écrase	1
fr:votants	1
fr:lucie	1
en:moony	1
fr:muni	1
fr:munir	1
fr:australien	1
fr:vois	1
fr:velo	1
fr:envie	1
fr:bâtard	1
fr:têtu	1
en:kopje	1
fr:copie	1
fr:copies	1
fr:laitiers	1
fr:familiers	1
fr:australienne	1
fr:celtic	1
fr:bâtons	1
en:lest	1
fr:lest	1
fr:lester	1
fr:masqués	1
fr:australie,	1
fr:plaques	1
fr:souhaitant	1
en:aural	1
fr:oral	1
fr:orale	1
fr:full	1
fr:rempli	1
en:meme	1
fr:mimes	1
fr:mime	1
en:or	1
fr:ores	1
fr:orée	1
fr:stoppé	1
fr:vexes	1
fr:veaux	1
fr:dej	1
fr:adorée	1
fr:dépression	1
fr:dépressions	1
en:doormen	1
fr:domaine	1
fr:domaines	1
en:dynasty	1
fr:dîners	1
fr:plaisante	1
en:martyr	1
fr:mater	1
fr:brique	1
fr:arrêts	1
en:dominion	1
fr:écarlate	1
en:kauri	1
fr:corée	1
fr:corey	1
en:lassie	1
fr:lacis	1
fr:apparaît	1
fr:couilles	1
en:triply	1
fr:triplé	1
fr:triple	1
fr:chatte	1
en:dory	1
fr:doré	1
fr:dorée	1
en:some	1
fr:sem	1
fr:sono	1
fr:épate	1
fr:épi	1
fr:prévient	1
fr:gêné	1
fr:chaudement	1
fr:sauf	1
fr:prendre	1
fr:céder	1
fr:courbe	1
fr:écume	1
fr:électeurs	1
fr:rôle	1
fr:benne	1
fr:lien	1
fr:bene	1
en:cutty	1
en:dilly	1
en:fender	1
en:larvae	1
fr:lavis	1
fr:lavande	1
en:mattress	1
fr:promenade	1
fr:promenades	1
fr:recruter	1
en:sheaf	1
fr:chiffe	1
fr:chiffré	1
fr:rondes	1
en:cecal	1
fr:exactement	1
fr:savait	1
fr:lattes	1
fr:hôtesses	1
fr:sauve	1
fr:teint	1
fr:traînée	1
fr:trahis	1
fr:assigner	1
fr:prévenu	1
fr:lait	1
fr:peux	1
fr:thème	1
fr:industriel	1
fr:industrielle	1
en:latter	1
fr:médication	1
fr:résistances	1
en:tinny	1
fr:tenez	1
fr:contiennent	1
en:up	1
fr:happe	1
en:vengeance	1
fr:jeans	1
en:catarrh	1
fr:quotas	1
fr:quota	1
en:flan	1
fr:flâne	1
fr:fléau	1
en:groupie	1
fr:groupies	1
en:ladder	1
en:bleat	1
fr:blettes	1
fr:baule	1
en:freely	1
fr:frileux	1
fr:fribourg	1
en:lackey	1
fr:laqué	1
fr:soulève	1
fr:redouté	1
fr:anse	1
fr:postale	1
fr:postal	1
fr:trie	1
fr:frere	1
fr:rôles	1
fr:resistance	1
en:sushi	1
fr:saoul	1
en:moot	1
fr:moustache	1
fr:moustaches	1
fr:prenant	1
fr:semence	1
en:volatile	1
fr:volet	1
en:dorks	1
fr:docte	1
fr:doc	1
fr:bacs	1
fr:dieu	1
fr:ayant	1
en:passport	1
fr:nestlé	1
en:patty	1
en:ruby	1
fr:roux	1
fr:assistant	1
fr:clé	1
fr:soumise	1
fr:maisonneuve	1
fr:latine	1
fr:latina	1
en:lyric	1
fr:lyrique	1
fr:lyre	1
en:orcas	1
fr:palestiniens	1
fr:palestinienne	1
fr:plaquer	1
fr:recruteur	1
fr:assignation	1
fr:casting	1
fr:escort	1
en:larder	1
en:obsessed	1
fr:aubes	1
fr:este	1
fr:avoir	1
fr:pétitions	1
fr:pagaille	1
fr:caresse	1
en:cling	1
fr:clean	1
fr:propreté	1
en:grandmother	1
en:grandma	1
fr:green	1
en:meaty	1
fr:connaitre	1
fr:mail	1
fr:soumises	1
fr:voyelles	1
fr:inhérent	1
en:many	1
fr:néant	1
fr:bénisse	1
fr:bac	1
en:miffy	1
fr:méfie	1
fr:melle	1
en:mysteries	1
fr:bénévolat	1
en:brewed	1
en:brews	1
fr:brousse	1
fr:thèmes	1
fr:autrement	1
fr:godin	1
fr:saisi	1
fr:haché	1
en:boredom	1
fr:bonhomme	1
fr:gentilhomme	1
fr:escorté	1
en:flees	1
fr:égout	1
en:ruddy	1
fr:redis	1
en:runny	1
fr:renie	1
fr:renan	1
en:screwed	1
en:tawny	1
fr:soumis	1
en:offender	1
fr:arm	1
fr:il	1
fr:dei	1
fr:choristes	1
fr:supposés	1
fr:douche	1
en:ruder	1
en:speech	1
fr:speechs	1
fr:discours	1
fr:assistants	1
fr:mensonge	1
fr:réfléchis	1
fr:réfléchissant	1
fr:boiteux	1
fr:fausse	1
en:truss	1
fr:assistantes	1
en:contested	1
fr:périgueux	1
en:league	1
fr:ligue	1
fr:bundesliga	1
en:marketing	1
fr:manquent	1
en:papaw	1
fr:pipeau	1
fr:gueule	1
en:phoebe	1
fr:cb	1
fr:cbs	1
en:acted	1
fr:accède	1
fr:gel	1
fr:lies	1
fr:prochaine	1
fr:fesse	1
fr:crié	1
en:cupped	1
fr:capte	1
fr:capter	1
fr:douchent	1
fr:méga	1
fr:madère	1
en:opportunity	1
fr:unité	1
fr:suffisants	1
fr:réfléchie	1
fr:éviter	1
fr:décrets	1
fr:activement	1
fr:assez	1
fr:suffisant	1
fr:douillet	1
fr:rémunération	1
fr:courrier	1
en:centuries	1
fr:sanglant	1
en:dicky	1
fr:fausses	1
fr:scène	1
en:ockers	1
fr:policier	1
fr:exprimé	1
fr:exprimée	1
fr:hôtes	1
fr:retombée	1
en:screed	1
fr:savais	1
fr:tibétain	1
fr:trame	1
fr:traquer	1
fr:âne	1
fr:brice	1
fr:refaire	1
en:shekel	1
fr:exprimées	1
en:detour	1
fr:tétons	1
fr:îlot	1
en:endure	1
fr:ion	1
en:master	1
fr:ste	1
fr:antérieur	1
en:rapped	1
en:wreaks	1
en:bead	1
fr:bide	1
fr:gâchette	1
en:dimension	1
fr:grecs	1
fr:quelle	1
fr:chaîne	1
fr:eviter	1
en:dislike	1
fr:lacs	1
en:flute	1
fr:flûte	1
fr:flandre	1
fr:pester	1
fr:vautour	1
en:poorly	1
fr:polie	1
fr:polémique	1
fr:pousse	1
fr:respecte	1
en:vet	1
fr:vestiges	1
fr:vestige	1
en:composer	1
fr:pesé	1
en:fortress	1
fr:essais	1
fr:promets	1
fr:retombées	1
fr:déchiffrer	1
fr:bientôt	1
en:fertility	1
fr:dame	1
fr:tente	1
en:tiered	1
fr:tiède	1
fr:tizi	1
fr:lesquels	1
fr:poussez	1
fr:enlevés	1
en:chon	1
fr:tchad	1
fr:chad	1
fr:évitez	1
fr:détestable	1
en:facilities	1
fr:contentieux	1
en:leafy	1
fr:lisser	1
fr:laitier	1
fr:geste	1
fr:intello	1
fr:chevreuil	1
fr:restaurateurs	1
fr:gustave	1
fr:adorait	1
en:dross	1
fr:odieux	1
fr:catégoriquement	1
fr:policière	1
fr:apportez	1
en:annal	1
fr:anal	1
fr:anale	1
fr:élevés	1
fr:partir	1
fr:termes	1
en:pennies	1
fr:loyauté	1
fr:arrivés	1
fr:anticipe	1
fr:anticiper	1
fr:gagne	1
fr:dénote	1
fr:pousses	1
fr:habillée	1
fr:détriment	1
fr:ndiaye	1
fr:dégoûté	1
fr:âmes	1
fr:nostalgie	1
fr:nostalgique	1
fr:policiers	1
fr:magasin	1
en:trinity	1
fr:ferroviaire	1
fr:fougueux	1
fr:mimi	1
fr:gâché	1
fr:toc	1
fr:exp	1
en:lardy	1
fr:lattis	1
fr:prêts	1
fr:stupéfait	1
fr:teresa	1
fr:médine	1
en:measures	1
fr:teen	1
fr:fouilles	1
en:madder	1
fr:médée	1
en:patter	1
fr:péter	1
fr:pluie	1
fr:exposer	1
fr:lenteur	1
fr:âme	1
fr:gaine	1
fr:promettre	1
fr:pluvieux	1
en:supportive	1
fr:sabot	1
fr:contredire	1
fr:abcès	1
fr:pau	1
fr:devenant	1
fr:scènes	1
fr:chevron	1
fr:complice	1
fr:contredit	1
fr:infantile	1
fr:soule	1
fr:relie	1
fr:rain	1
en:costume	1
fr:séoul	1
en:dreg	1
en:drat	1
fr:compote	1
fr:enfantine	1
fr:clan	1
fr:lignée	1
fr:respecté	1
fr:respecter	1
fr:comptoir	1
fr:sauté	1
fr:lise	1
fr:extraite	1
fr:prometteurs	1
fr:cordes	1
fr:russ	1
en:freezer	1
fr:chaînes	1
en:seesaw	1
fr:ciseaux	1
fr:croisements	1
fr:ruse	1
fr:relire	1
fr:empreintes	1
en:nasty	1
fr:nos	1
fr:haies	1
fr:tracteurs	1
fr:maternelles	1
fr:austérité	1
fr:austin	1
fr:collés	1
fr:cane	1
fr:canet	1
fr:préjugés	1
fr:pressée	1
en:loppy	1
fr:lobby	1
en:priorities	1
fr:braillard	1
fr:braqueur	1
fr:versant	1
en:approaches	1
fr:apprêt	1
fr:chaux	1
fr:dénoncés	1
fr:excessifs	1
en:rouge	1
fr:rouges	1
en:boulevard	1
fr:boules	1
fr:démarche	1
en:broadly	1
fr:prompt	1
fr:prisée	1
fr:lentement	1
en:concept	1
fr:opte	1
fr:liqueur	1
fr:ressent	1
fr:manquant	1
fr:plafonds	1
en:rebuilding	1
fr:rebellent	1
fr:rebelle	1
fr:plafond	1
en:township	1
en:transcript	1
fr:rallié	1
en:meted	1
en:authorities	1
fr:effort	1
fr:commente	1
en:groom	1
fr:groom	1
fr:marier	1
fr:cents	1
fr:ralliement	1
en:access	1
fr:axis	1
fr:axes	1
en:dismissed	1
fr:nécessaires	1
en:majority	1
fr:modes	1
en:believers	1
fr:blés	1
fr:bols	1
en:sheila	1
fr:lavage	1
fr:entrés	1
fr:conservés	1
fr:entrez	1
en:exclusively	1
fr:flux	1
fr:exposant	1
fr:utilisateur	1
fr:utilisateurs	1
fr:réparer	1
fr:réparations	1
fr:usagers	1
